page	title	examples	accepted	rejected	sha256
algram/algram.htm	АЛГОРИТМИЧЕСКАЯ ГРАММАТИКА	0	0	0	c0852fbbea8676cda7b2dd9179c8760efe1ebf4e58c52ac1e22c2389d748a12b
algram/glagol.htm	ПОРОЖДАЮЩАЯ МОДЕЛЬ СЛОВОФОРМ ДЛЯ ГЛАГОЛОВ	15	5	10	c7d79ad97d2ad86e9692186072edb393b0cb5e8be604bdbd789427ac51742448
algram/liter.htm	ЛИТЕРАТУРА	1	0	1	d531edc35dd216ed136aa164ea968cc1bd6c531ed66c000f722f27b3492f12e0
algram/narech.htm	ПОРОЖДАЮЩАЯ МОДЕЛЬ СЛОВОФОРМ ДЛЯ НАРЕЧИЙ	1	0	1	00b5e733e8d56175787159bbc9613dd28eefdec71a57a60b2da7ac3c272a6c02
algram/obchie.htm	ОБЩЕЕ ПОЛОЖЕНИЕ	33	30	3	1a6220a69f0b931fe050435302c8c9559f0fac1913b206fd0a33ad50c39be5a7
algram/pril.htm	ПОРОЖДАЮЩАЯ МОДЕЛЬ СЛОВОФОРМ ДЛЯ ПРИЛАГАТЕЛЬНЫХ	1	0	1	175607e3177e77ae8c31a23f648af82e180ddab992479571c503f68553d55f9b
algram/such.htm	ПОРОЖДАЮЩАЯ МОДЕЛЬ СЛОВОФОРМ ДЛЯ	15	9	6	e4f571a0b7d8153ef8bad1a815fd5d80447e630cb8c037ddf476276a59b88a22
algram/vvedenie.htm	ВВЕДЕНИЕ	1	0	1	f50196dcd425ec074e34092053f94d9ccde1a48bd86f7f99f6bdc8c30fe5bd4e
gram/alfavit/alfavit.htm	БАШКИРСКИЙ АЛФАВИТ И ОРФОГРАФИЯ	0	0	0	99a88b7ab6e7240f5eaa9a03baca72f840e10b1662ef7d0fc90b091a91ff130d
gram/alfavit/princpisma.htm	ХАРАКТЕР И ОСНОВНЫЕ ПРИНЦИПЫ ПИСЬМА	327	268	59	101ee5017c6a59ee9ee143dae7f6682c98c93452cd2e9cfeec6e7e46433d6e5b
gram/alfavit/princpisma1.htm	1. Башҡорт әҙәби теленән алфавите һәм орфографияһы. Яуаплы ред. Т. Ғ. Баишев, Өфө, 1940.	0	0	0	df6daa6084db6495501bc2f599957d0fa71615932ca20aa97f1005e70e3fae2b
gram/alfavit/princpisma2.htm	Башҡорт әҙәби теленең алфавите һәм орфографияһы. Өфө, 1951. – Существующая практика башкирского правописания наиболее полно отражена в орфографическом словаре К. 3. Ахмерова, к которому приложен самый полный свод правил, разработанный во многом автором этого словаря (Әхмәр Ҡ. Башҡорт әҙәби теленең орфография һүҙлеге. М., 1952; с. 9–37).	0	0	0	d2047109e0c35b7330bf13308f31efd434fd1fad199e83b76412577741cb85bd
gram/alfavit/princpisma3.htm	Киекбаев Ж. Ғ. Башҡорт әҙәби теленең дөрөҫ әйтелеше. Өфө, 1964; Он же. Башҡорт теленең фонетикаһы. Өфө, 1958.	0	0	0	74f3656b8d45c9ddec5ca0616ce46e1c7046ff37161f4fc8476228264f1a535b
gram/alfavit/princpisma4.htm	При наращении аффиксов с начальным согласным в указанных словах происходит стечение трех согласных (ср. ҡурҡты 'он испугался'), что мало свойственно башкирскому языку и отрицательно сказывается на стихосложении.	1	1	0	de44a40cbd44935e0f204272c7d60464be4e9e305cc13d25ee49b4a2e7d2c13c
gram/alfavit/sovbashalf.htm	СОВРЕМЕННЫЙ БАШКИРСКИЙ АЛФАВИТ	56	49	7	a26ff2bff3783cdcb3accbb5207764043bc807be662f78725df6b66c8829ca05
gram/fonomorph/fonomorhp.htm	ФОНОМОРФОЛОГИЯ	0	0	0	ea8497c01f34a88cb9a0d72c181288d79363f6e0f5fd5b56390ffc0104253729
gram/fonomorph/fonproc.htm	ФОНОМОРФОЛОГИЧЕСКИЕ ПРОЦЕССЫ ПРИ АГГЛЮТИНАЦИИ	324	169	155	85d0bb882ef1cdbffbc474bd8e2a895577a8ba3ea4d9efcd106d74a48d9af114
gram/fonomorph/fonproc1.htm	В башкирском языке в исконных аффиксах фонемы /и/, /у/ и /ү/ вообще не представлены.	0	0	0	4405cc1c9c14188578d9151dd12537cdfaa44b9a19e9a2f208f3099124e7d241
gram/fonomorph/fonproc2.htm	Однако в отдельных аффиксах р чередуется с з, рудиментарно отражая их былое соответствие: ср. мен-гер- ~ менгеҙ- 'доставить вверх'.	2	1	1	a15e9783a5773cd3105f71d08c0bb52b04692f6621e18b9d8383cbf3f8a01e0d
gram/fonomorph/fonproc3.htm	В форме дательного падежа от личных местоимений конечный и в сочетании с последующим аффиксальным г в соответствии с общей фонетической закономерностью, характерной не только для тюркских языков, переходит в ң: мин+-гә > миңә 'мне', һин+-гә > һиңә 'тебе'.	4	4	0	2cff27405cf8ed267b2e280bb2b7cd731a5f1ec604468de54acebfb807e3a354
gram/fonomorph/fonproc4.htm	В восточном диалекте сходную модификацию имеет начальное л в составе и других аффиксов (см.: Максютова Н. X. Восточный диалект башкирского языка. М., 1976, с. 44).	0	0	0	2b29c458facc4f28a0fbbfa1d41141e7fa93e7bb91ca38fcb122422833bead74
gram/fonomorph/fonproc5.htm	Однако после отрицательного афф. -ма/-мә вм. ожидаемого варианта с опущенным начальным гласным -саҡ/-сәк выступает как исключение уникальный вариант -ясаҡ/-йәсәк (килмәйәсәк 'не придет', бармаясаҡ 'не пойдет').	6	4	2	cfa023900d03d24dc6d989bbdc7d514c5bb077efbac17031d0194d12eeb5e88e
gram/fonomorph/fonproc6.htm	Реформатский А. А. Введение в языкознание. М., 1967, с. 270; Турсунов Д., Хасенова Б., Исламов А., Бейсенбаева К., Ишанов К. Сопоставительная грамматика русского и казахского языков. Алма-Ата, 1967, с. 48.	0	0	0	d1cb54e11cbeef5724702eed27feee887601fa55bac9ffaa098049dacf047c28
gram/fonomorph/fonproc7.htm	См. об этом более подробно: Киекбаев Д. Г. Вариантные слова, или сингармонические параллелизмы в башкирском языке. – Уч. зап. Башкирского пед. ин-та им. А. К. Тимирязева, 1955, вып. 5. Сер. филол., № 1.	0	0	0	f367a4e6afa67ecfdb84bb127523eb2de9e9df652f33fb68573c308e4877905c
gram/fonomorph/svedfonomorhp.htm	СВЕДЕНИЯ ПО ФОНОМОРФОЛОГИИ	0	0	0	444e4bfaf938e8cba029da5015fb132d51098f234b664359b2434055aafba142
gram/fonomorph/zvizmprired.htm	ЗВУКОВЫЕ ИЗМЕНЕНИЯ СЛОВА ПРИ РЕДУПЛИКАЦИИ	38	27	11	4706aa0fec7fbcf8f69ac49d33f0ce62f2b48d9c61910f5c4fe9ffc5b9a8f0d1
gram/fonomorph/zvukizm.htm	ЗВУКОВЫЕ ИЗМЕНЕНИЯ ПРИ СЛОВОСЛОЖЕНИИ И АНАЛИТИЧЕСКОМ ФОРМООБРАЗОВАНИИ	73	70	3	dd9919db9e0f9649f62461c086a7f0b2a6a545b4e2ece385c789be4528037334
gram/gram.html	ГРАММАТИКА СОВРЕМЕННОГО БАШКИРСКОГО ЛИТЕРАТУРНОГО ЯЗЫКА	0	0	0	95d648a896b8b177af8420d53b5703390b4ccad725973157622c4e7613624ad0
gram/morphol/chastitsa/chastitsa.htm	ЧАСТИЦЫ	150	146	4	86a58ad8e2ef04e64014e0ee6770e8ef38923557e9ac8e86ef9637dbe869262f
gram/morphol/chastitsa/chastitsa1.htm	См.: Дмитриев Н. К. Грамматика башкирского языка. М.; Л., 1948, с. 129.	0	0	0	5f0f787c7dd64794d6cba092ee27c8ce2775c10e8864463201b95175d79c6096
gram/morphol/chislit/chslitmery.htm	ЧИСЛИТЕЛЬНЫЕ МЕРЫ	80	80	0	dd7780a5a3c298169956accbb0a03c25a56cfae9c9eedd65d79587e1607ca61a
gram/morphol/chislit/drobchslit.htm	ДРОБНЫЕ ЧИСЛИТЕЛЬНЫЕ	14	14	0	3a039fa18f87da47dbbda55e2de8f345aac381fa17f570f68c87aac053fd37f9
gram/morphol/chislit/kolchslit.htm	КОЛИЧЕСТВЕННЫЕ ЧИСЛИТЕЛЬНЫЕ	148	139	9	4575c1d0f9c5ee1d062de60df5fc5aea48c0f65b4098aa9189f97c966665fb3b
gram/morphol/chislit/obchchar.htm	ОБЩАЯ ХАРАКТЕРИСТИКА	46	45	1	ae805c205f309c5fe6de0d22eadac0a16979b7598250f40e507b7e6b3750b8e0
gram/morphol/chislit/obchchar1.htm	Определенный интерес вызывает способ образования таких слов, как һигеҙ 'восемь', туғыҙ 'девять', утыҙ 'тридцать', алтмыш 'шестьдесят' и т. д. В них һиг(к)-, туғ(ҡ)-, по всей вероятности, представляют собой корневую морфему, а -еҙ, -ыҙ восходят к аффиксу мн. числа (ср. показатели мн. числа в именном и глагольном спряжении). Слово утыҙ 'тридцать' также состоит из двух частей: ут(< от) + ыҙ. Слова алтмыш (< алтымыш), етмеш (< етемеш), видимо, состоят из двух частей: алты, ете –корневые морфемы, -мыш, -меш – аффиксальные морфемы. В формантах -мыш, -меш, должно быть, фузировано несколько элементов, каждый из которых в древности функционировал как показатель определенной грамматической категории. По своему морфологическому составу слова һикһән, туҡһан представляют результат сращения һигеҙ и туғыҙ со словом ун. При этом согласный ҙ превратился в һ, гласный же у стал произноситься как а/ә.	15	9	6	7da8d57912ae290c5a0f27df35270554a61f6cac91b37ca0c572f8218b829f55
gram/morphol/chislit/poryadchslit.htm	ПОРЯДКОВЫЕ ЧИСЛИТЕЛЬНЫЕ	66	63	3	089fa41cee69fe8e303260098d25b4a9dc6ecf8a3101001440cb061898561937
gram/morphol/chislit/pribchslit.htm	ПРИБЛИЗИТЕЛЬНЫЕ ЧИСЛИТЕЛЬНЫЕ	143	133	10	205d042b0d7fdf4d536925ebb0e1790310f4c06efbd577e831473f06eed7d5dc
gram/morphol/chislit/razdelchislit.htm	РАЗДЕЛИТЕЛЬНЫЕ ЧИСЛИТЕЛЬНЫЕ	57	56	1	f10bef1e2d47efa9648baf73c710d5b3b9322f71aee052747bc1ea7845b74671
gram/morphol/chislit/razdelchislit1.htm	Дмитриев Н. К. Грамматика башкирского языка. М.; Л., 1948, с. 95.	0	0	0	584e8e132abc54447772871dca5ec5945f03b2c86e45380455051f390892e9c0
gram/morphol/chislit/sobirchslit.htm	СОБИРАТЕЛЬНЫЕ ЧИСЛИТЕЛЬНЫЕ	88	86	2	2b9f3d7113043dabfefa184dd98daaf09628584d5460f1dc87ae134384f3266d
gram/morphol/glagol/affiks.htm	АФФИКСАЦИЯ	524	497	27	11889f9a2aeddeca218e983d6c585bb2696327c6f82737ff04ad7bf5b967b271
gram/morphol/glagol/affiks1.htm	Эта форма ранее давала также отдельные переходные глаголы действия типа ҡуллан- 'пользоваться', по образцу которых возникли в порядке редкого исключения лишь отдельные переходные глаголы типа файҙалан- 'пользоваться'. Ныне же она создает только непереходные глаголы.	2	2	0	12769ab0bcfa233fe6819057e5cb418a2749c1edd5c822120e420e09ae02af33
gram/morphol/glagol/deeprnaa.htm	ДЕЕПРИЧАСТИЕ НА -А/-Ә, -Й	65	61	4	39ddc4d59c0c05bbc1b5e471c5a07373144115388851479e8a59416a84f03b6d
gram/morphol/glagol/deeprnaa1.htm	Сюда не относится широко употребительная лексикализованная форма булараҡ 'будучи, как, в качестве, в должности'.	1	1	0	b2b518af98dfd014f0e34af83fe02a51b78039a8461828a24bea20ebba5d7033
gram/morphol/glagol/deeprnaa2.htm	Ср.: Ләкин бына мин ҡайһы ваҡытта уйлайым-уилайым да аптырайым (Ғ. Хәйри) 'Но вот я иногда думаю, думаю и прихожу в недоумение'; Нина йөрөнө-йөрөнө лә артыҡ түҙә алманы (Р. Ғабдрахманов) 'Нина ходила, ходила, но больше нә выдержала', где прослеживается прямая связь со вторым из описанных ниже значений.	10	9	1	a1f710a22d85bc348b854bf57e65d12dfa3653226879159359b1103f6a7fb3fc
gram/morphol/glagol/deeprnagansa.htm	ДЕЕПРИЧАСТИЕ НА -ҒАНСА	38	35	3	7de1f696b749142c2bcd81fa2e59ebdb4b1d130fe69ba5213c3ee39a20467116
gram/morphol/glagol/deeprnagansy.htm	ДЕЕПРИЧАСТИЕ НА -ҒАНСЫ	47	43	4	b2d77e9b3d836291c23ad336537d8a65e82a318648413e76b04cf671aabd9348
gram/morphol/glagol/deeprnagas.htm	ДЕЕПРИЧАСТИЕ НА -ҒАС/-ГӘС	125	123	2	a647b57e9f9a6b6f6e5d51a50692a348bd1088a0ce65d540fbfe58117a7ec302
gram/morphol/glagol/deeprnap.htm	ДЕЕПРИЧАСТИЕ НА -П	442	429	13	16a07f204be0f651c03df2666d634fed7c92da8b7378fd8b9d11f10cb65977f6
gram/morphol/glagol/deeprnap1.htm	При отсутствии этого условия глаголы состояния полностью сохраняют здесь свое категориальное значение и в силу этого выражают значение способа или образа действия недостаточно ясно, ср. Фәрзәнә, ҡурҡып, артына сигенде (Ф. Әсәнов) 'Фарзана, испугавшись, отступила', где помимо слабо выраженного значения способа действия прослеживается значение причины.	3	3	0	0534f3ad41bb02816411c54d0331ded8029bb31a3c008f5ebbb5847ebc3c5dac
gram/morphol/glagol/deeprnap2.htm	Сходные формы частично (1) или полностью (2) адвербиализуются лишь при условии, если обрастают каким-либо наречным значением, не содержащимся в их лексической основе и заслоняющим их связь с подлежащим, т. е. их значение глагольности: ср. 1) аҡрынла- 'замедлить, затихать' и аҡрынлап а) 'постепенно, потихоньку', б) 'не торопясь, замедляясь'; 2) Әйбәтлә- 'привести в хорошее состояние, в порядок' и әйбәтләп 'хорошенько, толком, как следует'. На базе и по образцу сходных адвербиализованных деепричастий возникли, а частично создаются н ныне наречия, лишь этимологически связанные с глаголами на -ла: ср. Ҡыҙ яҡшылап ҡына тары онлата. Яҡшылап ҡоймаҡ иҙә (фольк.) 'Девушка добросовестно готовит муку из пшена. Добросовестно месит тесто для оладьев'; Мин инде Шакиров тураһында очерк яҙыуыма ныҡлап ышандым (Ә. Вәли) 'Теперь я уже твердо знал, что напишу очерк о Шакирове'; Ә еңгәгеҙ ысынлап та ҡыҙып китте (Ә. Вәли) 'А тетя ваша и в самом деле разнервничалась'; Баҡсабыҙ, үткәндә ҡыҙҙар, хуш еҫен күпләп сәсә (Ш. Бабич) 'Когда проходят девушки мимо сада, он благоухает еще больше'; Ауырыу аҙлап һауыға башланы 'Больной стал постепенно выздоравливать' (Яҡшылап, ныҡлап, ысынлап, күпләп, аҙлап образованы непосредственно от основ яҡшы 'хорошо', ныҡ 'крепкий', ысын 'настоящий', күп 'много', аҙ 'мало').	32	32	0	2e0819b29e43bcc3ff184dbc2640a51e36f56be68c984f619633e82408928b9a
gram/morphol/glagol/deeprnap3.htm	Пример взят из кн.: Сәитбатталов Ғ. Ғ. Башҡорт теленең ҡушма һөйләм синтаксисе. Өфө, 1961, с. 137.	0	0	0	1631a6ca8301203df82140acadc17e03b9c9134f414add2dfd43c95333cde0c4
gram/morphol/glagol/deeprnap4.htm	В сочетании с императивом на -һын/-һен и формой будущего времени на -р, -ыр/-ер грамматикализованная полифункциональная форма деепричастия тип, способная организовать придаточную часть целевого сложноподчиненного предложения, имеет регулярное целевое значение: Һиңә килдем әйтермен тип ҙур һүҙ (М. Кәрим) 'Я к тебе пришел, чтобы сказать веское слово'; Мин был кооператив квартирамды, балаларым ошонда иркенләп йәшәһен тип, һатып алғайным 'Я эту кооперативную квартиру купил с тем, чтобы дети мои жили в ней, не испытывая тесноты'.	16	16	0	641c64a8436147610ab597c234b65becfbf045f7ae72cebbdf412dc4426d65ec
gram/morphol/glagol/deeprnap5.htm	В известной мере редупликация связана со словосложением, а именно – с соединением синонимичных форм на -п, или семантически близких двух форм на -п в целях создания образных глаголов, функционирующих исключительно как деепричастия: кейенеп-яһанып 'наряжаясь', илап-һыҡтап 'плача горькими слезами', өшәп-туңып 'замерзая как суслик', тирләп-бешеп 'доходя до седьмого пота'. Ср. Нарат штабта тирләп-бешеп мәсьәлә сисеп ултыра ине (Ф. Әсәнов) 'Нарат, обливаясь потом, сидел в штабе и решал задачу'; Улар бер аҙ һуңыраҡ, күтәрелеп-тейәнеп... ауыл урамынан атланылар (Д. Исламов) 'Несколько позже они, нагрузившись поклажей... шагали по деревенской улице'.	15	14	1	fab98384ced5775db4c78e403e78fc3a801916682f2e06bc5ff2983a8c4a9b2b
gram/morphol/glagol/deeprnap6.htm	Ср.: Аҙаҡтан алырһығыҙ. Эс-бауыр бушағансы һөйләшкәс, кәңәшкәс (Я. Хамматов) 'Возьмете после. Когда спокойно наговоримся вдоволь, посоветуемся'.	4	4	0	0483d98c48fc8ced0fe77cd969bd6b23bd5978f1f338ebc284616b80d29fb97b
gram/morphol/glagol/deeprnayshlai.htm	ДЕЕПРИЧАСТИЕ НА -ЫШЛАЙ	22	20	2	9592539f960cbb31a8416e8c4dd54a9c33e563a4e51f4edb7b3a584b3d61610d
gram/morphol/glagol/deeprobchchar.htm	ОБЩАЯ ХАРАКТЕРИСТИКА	8	6	2	f99ac68fa4cf980167d05c098926c12c27687bba53971b3eca78c82a06ba9d03
gram/morphol/glagol/deeprobchchar1.htm	Исключение: контекстуальный эллипсис подлежащего допускается лишь при условии, если оно представлено в предыдущем предложении, в частности при вынесении деепричастия за пределы предложения в качестве самостоятельного высказывания – при его парцелляции.	0	0	0	2dfdd8c69332ae0f01f9dfe87e01460ae17264b2a8392c1f7f8a13d11dc71977
gram/morphol/glagol/deeprobchchar2.htm	В тех крайне редких случаях, когда соотнесенное с деепричастием сказуемое выражено модальным словом или именем, оба сказуемых входят в сферу настоящего или прошедшего времени синтаксического индикатива, формально выраженного наличием или отсутствием связки ине при именном сказуемом, реже – в сферу императива или оптатива с помощью служебного глагола булһын 'пусть будет' при именном сказуемом.	2	2	0	2d9534b190d7cb3351e156b7d5812bac330d652c3dcdf91a15153f1bd9f8698e
gram/morphol/glagol/deeprobchchar3.htm	Это последнее значение деепричастия, которое принято неправомерно возводить к обстоятельству образа действия в синтаксическом его понимании, является в лучшем случае сопутствующим значением и к тому же по своему профилю входит в сферу собственно глагольной семантики, как в этом убеждает его типологическое схождение с профилирующим значением необычайно разветвленной системы так называемых видовых форм глагола, специально предназначенных для выражения способа или образа действия средствами самого глагола на уровне собственно глагольной морфологии, где, как и в данном случае, пользоваться названным синтаксическим термином в принятом его осмыслении неправомерно.	0	0	0	15f3fe5354ddab13aea020a981aff1f98c3301df4ae908478b3df1c752e353a6
gram/morphol/glagol/imyadeyst.htm	ИМЯ ДЕЙСТВИЯ	198	189	9	611feceb00a838a3a5771c7697423ef475af6dd8019bae9e1f455516caa12d1e
gram/morphol/glagol/imyadeyst1.htm	Примечание ответ. ред. Имя действия представляет собой отглагольное существительное со всеми присущими ему характеристиками. Как собственно глагол оно выступает лишь при условии, если, сочетаясь с модальными словами кәрәк, бар и т. п., приобретает значение инфинитива. Как словообразовательная форма существительного имя действия носит глобальный характер. Имя действия нередко служит производящей основой для образования новых слов: бер туҡтауһыҙ 'безостановочно', барыу менән 'с приходом' и т. д.	6	6	0	0246fe1ddb6f9b9d48a2ca28a3a133cc10c2bdd30defdc6d9fff719027139fd9
gram/morphol/glagol/infinformgl.htm	ИНФИНИТИВНЫЕ ФОРМЫ ГЛАГОЛА	144	134	10	cd13a9e0bb4a3151c9a79df1934de550b77f3181e0ddc196150558ec40a4d3b7
gram/morphol/glagol/infinformgl1.htm	В отдельных говорах восточного диалекта употребляется еще инфинитивный афф. -ғалы, зафиксированный и в древнетюркских памятниках. См.: Насилов В. М. Язык орхоно-енисейских памятников. М., 1960, с. 51 и сл.	1	0	1	80f4e5cddc0deb6381f35274e3c5553b057c9b240afac8114ad1f1ff904b0b31
gram/morphol/glagol/katotritc.htm	КАТЕГОРИЯ ОТРИЦАНИЯ	152	131	21	4b9b219d2262323e25276bd9090e5a29ead520118a9892a59b62bf104be335d2
gram/morphol/glagol/katpereh.htm	КАТЕГОРИЯ ПЕРЕХОДНОСТИ / НЕПЕРЕХОДНОСТИ	64	63	1	e44cadcec843853280c24e3c524d923dc9bcf82b54d94700a9633fdfdef153da
gram/morphol/glagol/katzalobchchar.htm	КАТЕГОРИЯ ЗАЛОГА	0	0	0	1329f6d099581476b6a8bdb758b012ec72d49725f5af82fe05c6fefb299cca52
gram/morphol/glagol/katzalobchchar1.htm	Как это справедливо замечено грамматистами, изменение значения переходности/непереходности глагола, связанное с залогом, входит в сферу словообразования также и потому, что это значение для каждого глагола специфично (Иванов С. Н. Родословное древо тюрок Абу-Гази-хана. Ташкент, 1969, с. 121–122).	0	0	0	3358c0614a4facbe591b2cdab0a72e9f8fc5482a54bce660c08640293b123521
gram/morphol/glagol/moddolj.htm	КОНСТРУКЦИИ СО ЗНАЧЕНИЕМ ДОЛЖЕНСТВОВАНИЯ И НЕОБХОДИМОСТИ	127	117	10	d6802a8d02897b54f5bb2bab9e0283c92d362bd6d43a06ef039596c9f165d275
gram/morphol/glagol/modjelan.htm	КОНСТРУКЦИИ СО ЗНАЧЕНИЕМ ЖЕЛАНИЯ	74	74	0	cc5e86349e070affb3c27e9d22baf939ff31d182847e84745a4425247210892d
gram/morphol/glagol/modnamer.htm	КОНСТРУКЦИИ СО ЗНАЧЕНИЕМ НАМЕРЕНИЯ	54	50	4	3beefcbbed109de7325f7ac22f9c437f9a59714442fd9f5f985cb2b5230469ca
gram/morphol/glagol/modvozm.htm	КОНСТРУКЦИИ СО ЗНАЧЕНИЕМ ВОЗМОЖНОСТИ	93	90	3	82963fc752abc67b609203baf2bf813048735fe0b6c66e20f4dc517b838d2aff
gram/morphol/glagol/naklonizyav.htm	Грамматическая категория наклонения глагола выражает отношение действия к действительности, и отношение говорящего к содержанию высказывания. Факты, события и явления, будучи содержанием нашей речи, могут мыслиться говорящим как реальность и нереальность, т. е. как действительное и возможное, необходимое, а также как желательное или долженствующее, предполагаемое и т. д.	5	5	0	e0393ddb4f8cb20a8c9d2cc8dd5c72843ef27fb20c3d83e9a637d15c5a072f01
gram/morphol/glagol/naklonjelan.htm	ЖЕЛАТЕЛЬНОЕ НАКЛОНЕНИЕ	92	90	2	5c1a701cdc8c5b381420a0a2a92e025b11b047c02a622f9010dca0c383464c95
gram/morphol/glagol/naklonjelan1.htm	Эта форма в самостоятельном употреблении в современном языке, особенно в его книжном стиле, выступает также и как стилистический вариант формы настоящего времени индикатива: Мин һеҙгә иртәрәк килергә тәҡдим итер инем 'Я бы предложил Вам приходить пораньше'.	6	6	0	01985d3873e7f7b0b22decf36d7cb0d45a7be2168acc64432e68d063a0888ba6
gram/morphol/glagol/naklonnamer.htm	НАКЛОНЕНИЕ НАМЕРЕНИЯ	145	129	16	db940533805fb86f8f67fe1717c717361e5de70b42b310eac312dc92c858dba8
gram/morphol/glagol/naklonpovel.htm	ПОВЕЛИТЕЛЬНОЕ НАКЛОНЕНИЕ	264	253	11	0f66b0117c30602c249cfc52da2ed81847ed3f28cdc2174aebe03277753dc4c2
gram/morphol/glagol/naklonsoslag.htm	СОСЛАГАТЕЛЬНОЕ НАКЛОНЕНИЕ	105	97	8	31113eeca2c458e33283f57bd031bbaf84ae679140e766b9265f781882447048
gram/morphol/glagol/naklonuslov.htm	УСЛОВНОЕ НАКЛОНЕНИЕ	489	475	14	882f44601c02c8bbc6a324a8daf005420ce7cca040cf0419d6c2beaecf07ff7d
gram/morphol/glagol/obchchar.htm	ОБЩАЯ ХАРАКТЕРИСТИКА	54	33	21	8fa0998689364b00d74e01608ab3f996f33194134935a89748fbfb848cea75b7
gram/morphol/glagol/obchchar1.htm	Обозначением действия без указания на его процессуальности может быть в принципе и местоимение типа был 'это', ошо 'это'.	1	1	0	9a84ba002ddb7981e600be9dca8302bcd39d66bb6fe95205e048a282284306d2
gram/morphol/glagol/obchchar2.htm	Наличие единичных синкретических корней типа шеш- 'нарывать', шеш 'нарыв', представляющих, по всей вероятности, неэтимологическую омонимию в результате метафорического переноса значения действия на его результат, не противоречит этому.	1	1	0	408846c30f36d8f3413463603bae8bbbf97bccb2f4ca2d74c2fe4fceac448ddf
gram/morphol/glagol/obchchar3.htm	В отличие от предыдущего случая здесь, естественно, гораздо больше синкретических корней (но не более десятка) типа ҡоро 'сухой' – ҡоро- 'сохнуть', туң 'мерзлый' – туң- 'мерзнуть', йылы 'теплый' – йылы- 'согреться', әсе 'кислый' – әсе- 'киснуть'. Большинство их возникло в результате отпадения этимологического конечного ғ или ҡ отглагольных прилагательных типа һаҫыҡ 'вонючий' (ср. тат. сасы- 'тухнуть' и сасы 'вонючий'). Происхождение остальных омонимов типа туң может быть объяснено семантическим способом словообразования – метафорическим переносом значения по общности какого-либо его компонента.	6	6	0	57f4fd2c30c1d3cb5e682bd06b02cd69929a0407fbbcd86df7de7500ce941251
gram/morphol/glagol/obchchar4.htm	Предупреждая возможное возражение, заметим, что позиционная закрепленность морфемы и словоформы составляет один из распространенных (ср., к примеру, морфологию китайского языка) способов формального выражения грамматических категорий. См. об этом: Юлдашев А. А. К проблеме аналитизма в тюркских языках. – ВЯ, 1965, № 1.	0	0	0	284c9239480000e2908f3953c28dd8d8f379598717b9aa9db26de6ccdddea001
gram/morphol/glagol/obchchar5.htm	Достаточность глагольной лексики в башкирском языке подтверждается хотя бы тем, что в ней так или иначе более или менее точные или по крайней мере близкие эквиваленты находит едва ли не каждый русский глагол, исключая их видовые и родовые модификации, а также отдельные фразеологизмы типа пожимать плечами, передаваемые на башкирский язык не лексически, а лишь описательным путем.	2	0	2	bb072a738611f5330f42cb64e59acf24cf5eb1665f672a843adc8716cabe12d0
gram/morphol/glagol/obrslojgl.htm	ОБРАЗОВАНИЕ СЛОЖНЫХ ГЛАГОЛОВ ЗА СЧЕТ ДРУГИХ ЧАСТЕЙ РЕЧИ	186	182	4	7fd0d82d0cd3607e466b1a97ee26324d9531e708d82446a74179d0654791e876
gram/morphol/glagol/osnzalog.htm	ОСНОВНОЙ ЗАЛОГ	11	11	0	db2d1f26d47e3b1ddc2e285f8b2f21fae1e622a5725ceafa74ed913af41a3335
gram/morphol/glagol/ponudzalog.htm	ПОНУДИТЕЛЬНЫЙ ЗАЛОГ	285	272	13	c3b914da95aca60de1075a5c5e737cb432ba6d1b59bc8ae6c433232ee0fa9ed3
gram/morphol/glagol/ponudzalog1.htm	Список таких форм в целом обширный. Но большинство их безличное действие выражает лишь при отсутствии (не эллипсисе!) подлежащего: Бөгөн бик өшөттөрә 'Сегодня озноб ощущается очень сильно'. В противном же случае они соотносятся с подлежащим на общих основаниях, характеризуя его как источник или причину порождения данного состояния или действия: Эш ҡайғыны оноттора, күңелде тынысландыра торғайны (Ә. Вәли) 'Работа бывало отвлекала от горя, успокаивала душу'. Ср. Бик һыуһатты бит әле 'Что-то очень захотелось пить' и Эҫе һыуһата 'Жара вызывает жажду'. К числу сходных двояко функционирующих форм относятся широкоупотребительные һағындыр- от һағын- 'скучать, истосковаться', асыҡтыр- от асыҡ- 'голодать, проголодаться' и др.	15	15	0	2688a9b7a825ed215ac30d4ac7239db3cc4e0dad9697a45a7d14bce64207153b
gram/morphol/glagol/ponudzalog2.htm	Иванов С. Н. Родословное древо тюрок Абу-Гази-хана. Ташкент, 1969, с. 122–123; Кормушин И. В. О грамматическом и лексическом в глагольных каузативах. – Тюркологический сборник. М., 1966, с. 70–71.	0	0	0	2fc36afec75d601c6f99c85da804c33670fb796fa473a1ca8f13e8cf9da441cb
gram/morphol/glagol/ponudzalog3.htm	Доказательством этого, помимо изложенного, служит тот неоспоримый факт, что в коммуникативно необходимых случаях понудительный залог во втором его значении образуется от своей первой разновидности на общих основаниях, сохраняя свое типовое значение: кейендер-т- 'заставить кого-л. одеть кого-л.' от кейендер- 'одеть'; эсер-т-'позволять, заставить поить' от эсер- 'поить'.	4	2	2	b11fcf1dfb19b85db04d9af966838d44a9bc3c2d97af02f74414c86e83d137b9
gram/morphol/glagol/ponudzalog4.htm	Как и во взаимном залоге, в обеих разновидностях понудительного залога выражается осуществление активного действия путем определенного взаимодействия двух субъектов. Но само взаимодействие во всех этих трех случаях производится на принципиально разных началах: соучастие в действии, фактически производимом основным субъектом-подлежащим (понудительный залог в первом его значении); взаимодействие субъектов на паритетных началах или оказание помощи одного субъекта другому (взаимный залог); субординативное взаимодействие двух субъектов с актуализацией одного из них и игнорированием другого (понудительный залог во втором его значении). По этому последнему признаку, заключающемуся в субъектно-объектной обратимости, понудительный залог напоминает страдательный залог, тем более, что при них в положение объекта ставится основной исполнитель действия.	0	0	0	63913bb9a5aa998197546ed175cbe4f276777679e8c430659b32327717ee151f
gram/morphol/glagol/predmod.htm	КОНСТРУКЦИИ, ВЫРАЖАЮЩИЕ ПРЕДПОЛОЖИТЕЛЬНУЮ МОДАЛЬНОСТЬ	60	56	4	924fbfd01bdccd83424f34094fbe1eb71f738750e25ef06288a062972423e5b1
gram/morphol/glagol/predmod1.htm	Примечание ответ. ред. Конструкция на -ған бул-, как это отметил еще Н. К. Дмитриев, выражает притворно-показное действие: эшләгән бул- 'делать вид, что работаешь'. Отрицательный вариант такого действия представляет аналитическая конструкция на -мәмешкә һалыш-: күрмәмешкә һалыш- 'сделать вид, что не видишь'.	6	5	1	71a113bcd0c74f21e564b9860352f968a5f9411e48294c08ab1dec647b6749b3
gram/morphol/glagol/prichastieobchchar.htm	ОБЩАЯ ХАРАКТЕРИСТИКА	73	73	0	bc85f05daa868c5bb09cc0f451c3dc91fcb906d96912f8e6c1332a20038cc5f1
gram/morphol/glagol/prichbudvr.htm	ПРИЧАСТИЕ БУДУЩЕГО ВРЕМЕНИ	177	168	9	6f534085dc8e0f4bf43b5040072ae57f0d7d4d8834f1889fee54e9997be67355
gram/morphol/glagol/prichnastvr.htm	ПРИЧАСТИЕ НАСТОЯЩЕГО ВРЕМЕНИ	85	81	4	efb510ba447ab8929e858ee6deb0f21359e42fee1b0c2bb5546ee44d0c156c9f
gram/morphol/glagol/prichproshvr.htm	ПРИЧАСТИЕ ПРОШЕДШЕГО ВРЕМЕНИ	124	120	4	796774fb96d9645d8cc9a532692ebaa16d43359d7a5e92a465d8b2862adfe3e6
gram/morphol/glagol/stradzalog.htm	СТРАДАТЕЛЬНЫЙ ЗАЛОГ	150	143	7	b5ff50950304f21a2283ec7f0291485281250136be8887469295128f00bd72a5
gram/morphol/glagol/stradzalog1.htm	Севортян Э. В. Этимологический словарь тюркских языков. М., 1974, с. 576.	0	0	0	fd702aaf1a4678d3419667265e1517667414a0c399d1b7ef03e60f9a723305d2
gram/morphol/glagol/stradzalog2.htm	См.: Севортян Э. В. Этимологический словарь тюркских языков. М., 1974, с. 542 и сл.	0	0	0	dd37670793bba2cb659a34a4ebd509cc4e90ab787954d18df96e23bc58a6dd17
gram/morphol/glagol/vnutriglaol.htm	ВНУТРИГЛАГОЛЬНОЕ СЛОЖЕНИЕ	570	547	23	45126ab105c1c226383b434f65d3d9055acd3a5768b55f3b40126ceac47b4438
gram/morphol/glagol/vnutriglaol1.htm	Другое дело, когда глагол бөт- десемантизируется и в сочетании с предыдущим деепричастием, тоже лишенным своего значения, создает производные слова с типовым значением вроде арып бөт- 'крайне устать', буялып бөт- 'измазаться, вымазаться', интегеп бөт- 'известись, измучиться', сатнап бөт- 'растрескаться' и т. п.: Бөтөнләй күҙҙәрем талып бөттө (К. Мәргән) 'Глаза мои очень утомились'; Йүнле һүҙ таба алмай тирләп бөттөм (Т. Йәнәби) 'Не найдя нужных слов, я даже вспотел'. Сходную функцию выполняет в сочетании с деепричастием на -п и производный глагол бөтөр-: Шунда инде әллә ниҙәр уйлап бөтөрҙөм, әй (Т. Йәнәби) 'О чем только не подумал я тогда'.	19	19	0	6d8efcb0620519c1f1af7a140eb238364c7a72a7863ebd171f30411e378873be
gram/morphol/glagol/vnutriglaol2.htm	В таком свободном словосочетании с инфинитивом на -рга/-ргә может быть заменен и сам глагол башла- синонимом тотон- 'начинать, приступить'; Улар икеһе һөйләшергә тотондолар (Т. Йәнәби) 'Они вдвоем начали говорить'; һуңынан был үкһеп-үкһеп иларға тотондо (3. Хисмәтуллин) 'Потом она стала горько плакать'. В отдельных тюркских языках, например турецком и чувашском, и при глаголе башла- употребляется не деепричастие, а только инфинитив, как это имеет место в данном случае.	12	10	2	879d2065e6b42550ebffa2f62c9f4683b80255b799a86236dd6fee931910ffd5
gram/morphol/glagol/vnutriglaol3.htm	Как это давно замечено, из двух совершаемых одно за другим действий первое должно быть обозначено деепричастием на -п (Мелиоранский П. М. Краткая грамматика казак-киргизского языка, ч. II. Синтаксис. СПб., 1897, с. 36).	0	0	0	2350f705ef6f3b6b6ddfc407652086bdcae5806a86d2fdf39cb2f2cb9bacb233
gram/morphol/glagol/vnutriglaol4.htm	На базе отрицательного варианта рассмотренной формы сложилась самостоятельная форма деепричастия на -май/-мәй, тороп с ограничительно-временным обстоятельственным значением: Сәлмәнде үҙ ҡулы менән ултыртып ебәрмәй тороп, урынынан ҡуҙғалманы (К. Мәргән) 'Пока не проводил Сальмана, усадив его своими собственными руками, не сдвинулся с места'.	9	9	0	e25996f3f04e59fb8b07a7f4d90f4eeaf998fd41adde9789bcf41d61443d8449
gram/morphol/glagol/vozvzalog.htm	ВОЗВРАТНЫЙ ЗАЛОГ	135	134	1	a3aa5c445b7cd80ba1c328acaef690716f48b202a397a49356a35926bf20f7b1
gram/morphol/glagol/vremyabudopr.htm	Будущее неопределенное время	46	46	0	ea9e3430aff4cb85481e97a12c09f67351d972b6299fa76974bf2d4bfac55024
gram/morphol/glagol/vremyadavnoproshneopr.htm	Давнопрошедшее неопределенное время	26	25	1	7f4a2e6b0ff6b754a7228610aaafa6b071500744533be5e8e63899287e970ebb
gram/morphol/glagol/vremyadavnoproshopr.htm	Формы давнопрошедшего определенного времени	110	109	1	67828665a6b0dc124d5e4a5856e6388d8f76e58de8f0e517167b8d896d33c4a6
gram/morphol/glagol/vremyanast.htm	Настоящее время	238	231	7	9ab6db3df736a37af9719e5ba552d9b2d18bf166feb954c1a7f09cea0395a1e6
gram/morphol/glagol/vremyanast1.htm	Это значение в лингвистической литературе часто квалифицируется как «актуальное настоящее». В башкирском языке данное значение передается полуграмматикализированной аналитической конструкцией, образованной сочетанием деепричастной ормы и одного из вспомогательных глаголов – ултыр-, йөрө-, тор-, ят-, кил-, бар-, например: уҡып йөрөй 'учится в данный момент', уҡып ултыра, уҡып ята 'учится в данное время', китеп бара 'идет в данный момент', ҡайтып килә 'возвращается в данный момент', һөйләп тора 'рассказывает в данный момент'.	15	15	0	873880ff4560b4cc5deac563fba44e814d90301fbfc0f3128a26335d14cab312
gram/morphol/glagol/vremyapredproshnagainy.htm	Предпрошедшее определенное время (форма на -ғайны)	39	38	1	026a135da9747ad9759100f4de5e4163f7b0bc80b99ec00ff6a9837406b05e56
gram/morphol/glagol/vremyapredproshnaganbulgan.htm	Предпрошедшее неопределенное время (форма на -ған булған-)	26	24	2	45bbc9bccd7a1790154f00615bfb9c63a4416f8e356d2059d7b3b46496d7e894
gram/morphol/glagol/vremyaproshednady.htm	Прошедшее определенное время (форма на -ды)	51	49	2	a9503f3cb3a9a912cb05b950b080fa5422d8f3b729dd51c5c0e94bd1380144c7
gram/morphol/glagol/vremyaproshednagan.htm	Прошедшее неопределенное время (форма на -ған)	116	114	2	f6b220902aa0df161ca5e5461e41d14219d94a83b9ae264fa8e4c44a202db1da
gram/morphol/glagol/vremyaproshednezakon.htm	Прошедшее незаконченное время (форма на -а ине-)	26	26	0	face2aa6cb8c5934d3ccd538a1d6cc1879b4982c6b498cff1f2f79c407490140
gram/morphol/glagol/vzaimzalog.htm	ВЗАИМНЫЙ ЗАЛОГ	226	218	8	e3fef58da7fb871f13002b508a6ef3b5121db04bc23ca9da3bc484f7f7d2e106
gram/morphol/mejdomet/mejdomet.htm	МЕЖДОМЕТИЯ	474	450	24	aed15921c61b8319f4fbf85d8af8e62f7c7ed290b83c8f6944d276bf95cfb9bc
gram/morphol/mejdomet/mejdomet1.htm	Как риторическое обращение в поэтической речи употребляется заимствованное из русского языка междометие о. Оно интонационно и пунктуационно не отделяется от слова-обращения: О рус ере! Ҡайҙа атлаһаҡ та, һин йөрөрһөң беҙҙең күңелдә. (Р. Ниғмәти) 'О русская земля! Где бы мы ни шагали, ты будешь с нами в наших сердцах'; О һин, әсә! Ҡасан күргәнең бар һис ҡорбанһыҙ булған көрәште (Н. Нәжми) 'О мать! Когда ты видела борьбу без жертв'.	14	14	0	5fd602d78a3f667a9a3c7e1a62da608b2e4b5af90eb74c543a85e899b712f7a8
gram/morphol/mestoim/lichmestoim.htm	ЛИЧНЫЕ МЕСТОИМЕНИЯ	92	91	1	7cf066f3226d0024d73e3cc06e2c4d5fd34418fa083b1a73440aaf169db1614c
gram/morphol/mestoim/neopredmestoim.htm	НЕОПРЕДЕЛЕННЫЕ МЕСТОИМЕНИЯ	53	48	5	eb621326549c114f58716b84c3107b6fd7c0f6c4eb122de4da7b0ea9a02bfd5a
gram/morphol/mestoim/obchchar.htm	МЕСТОИМЕНИЕ	31	31	0	655013fa95134e66faefdcc163bbfa9f4ba1508c5a3fc0234295dfb3dfcc87f3
gram/morphol/mestoim/opredmestoim.htm	ОПРЕДЕЛИТЕЛЬНЫЕ МЕСТОИМЕНИЯ	95	93	2	cddb3948da802d935aef56ffb62c3fa0a3919ffe8baa4db127f4f529fc56e0cb
gram/morphol/mestoim/otritsmestoim.htm	ОТРИЦАТЕЛЬНЫЕ МЕСТОИМЕНИЯ	35	35	0	4d0949822b3cd5ff0299acaaed08c075ffd90e60caed7db591d638c6326df511
gram/morphol/mestoim/pritmestoim.htm	ПРИТЯЖАТЕЛЬНЫЕ МЕСТОИМЕНИЯ	23	17	6	174a7c351202dbb283f7e6e5926dab553cac5397b1d2d905350bc0e9c9b96ace
gram/morphol/mestoim/ukazmestoim.htm	УКАЗАТЕЛЬНЫЕ МЕСТОИМЕНИЯ	170	168	2	21106e6f8f8ca7af6fbaa6711e20beefd0a38e4b89e5434298ddbe58bb33fb1c
gram/morphol/mestoim/voprmestoim.htm	ВОПРОСИТЕЛЬНЫЕ МЕСТОИМЕНИЯ	66	63	3	d1976b94f8f2b6c7518752a4e52eac58148b52e35e614c69185a8ee529fca629
gram/morphol/modslova/modsldoljneob.htm	МОДАЛЬНЫЕ СЛОВА СО ЗНАЧЕНИЕМ ДОЛЖЕНСТВОВАНИЯ И НЕОБХОДИМОСТИ	109	106	3	ab2b0074cb381588c516e6abc50d8899c6ed0f7e72e69b905fa1fbeee271760b
gram/morphol/modslova/modslovagipotet.htm	ГИПОТЕТИЧЕСКИЕ МОДАЛЬНЫЕ СЛОВА	48	47	1	71780d781dcc691fd58722df029f71df6e38f29baa2dc9b58dde205de3cd38f9
gram/morphol/modslova/modslpobuj.htm	МОДАЛЬНЫЕ СЛОВА, ВЫРАЖАЮЩИЕ ПОБУЖДЕНИЕ	18	18	0	8fb51d48b5b5add76862088c1434d36c0d6faefa43b7acc12aa08a5f51af1e01
gram/morphol/modslova/modslutvotrits.htm	МОДАЛЬНЫЕСЛОВА СО ЗНАЧЕНИЕМ УТВЕРЖДЕНИЯ И ОТРИЦАНИЯ	178	169	9	9d8fc7cae3f14b98108d145e8b44c502ebc30d19b034467d3feca6aae75b4edd
gram/morphol/modslova/modslvozmoj.htm	МОДАЛЬНЫЕ СЛОВА СО ЗНАЧЕНИЕМ ВОЗМОЖНОСТИ	34	31	3	1eeb6a8c75b416ca8f039e9c33b4830429cd23a8bdda801d6c80aca07c816ff0
gram/morphol/modslova/obchchar.htm	МОДАЛЬНЫЕ СЛОВА	16	16	0	0c657e39a714952caf7af2b8294a3fb2602473d6727f3eabec2efeca2a625d57
gram/morphol/morhol1.html	МОРФОЛОГИЯ	5	1	4	2766739924b8f0d0f7320aaefc9a5f7e7c93303177cceb6867cf1bd89f5f3c9e
gram/morphol/narechie/adverb.htm	АДВЕРБИАЛИЗАЦИЯ	108	103	5	e9b7f26795c5c56a160111e88ffe87b7fac14e8f4fd4c969155c90d8178d1b30
gram/morphol/narechie/affic.htm	АФФИКСАЦИЯ	102	99	3	74558d94ea7f92e8e94198084e86d55037a856ec4dbe0c9ff5475d122e6c79e0
gram/morphol/narechie/kornevye.htm	КОРНЕВЫЕ НАРЕЧИЯ	53	46	7	71b6c503dad09ef01975bcf5348d33106c5d96db8704ab7056d6eb505dadffd3
gram/morphol/narechie/lexsostav.htm	ЛЕКСИЧЕСКИЙ СОСТАВ НАРЕЧИЙ	58	44	14	8fd541e91e2f4afacc7586b8899905e590b3fc031f5b724428079e68986d337f
gram/morphol/narechie/obchchar.htm	ОБЩАЯ ХАРАКТЕРИСТИКА	21	17	4	fefaab64607dbdcd6db2a2f9d91d8e2ae63513cc14ac4a88b62031354e87196a
gram/morphol/narechie/razryady.htm	РАЗРЯДЫ НАРЕЧИЙ	30	28	2	6e2bfce828ca49237904dcc22e9db28af54f4a4b07f976bb9236d6ddb7c4d419
gram/morphol/narechie/redupl.htm	РЕДУПЛИКАЦИЯ	45	45	0	1f66e187ca1467597782567c5ead381e3f707e95709f975314a7aed8623e2789
gram/morphol/narechie/slovosloj.htm	СЛОВОСЛОЖЕНИЕ	99	95	4	588ee0890013a1079481db64a8c2c73e3e0bd58f42fe5dbd383727fe7545c2f3
gram/morphol/narechie/sravnitstepen.htm	СРАВНИТЕЛЬНАЯ СТЕПЕНЬ НАРЕЧИЙ	39	32	7	50bec91afb60c0b6cdc83cdd195b7ef5cfe542d19c44594c8cb3ebead5abde09
gram/morphol/narechie/syntfun.htm	СИНТАКСИЧЕСКИЕ ФУНКЦИИ НАРЕЧИЙ	80	80	0	4bdd2ffcf8c7e8512b40bbf6c00275ca75bc886d0866fd0d31822afde4fb0192
gram/morphol/podrajslova/obchchar.htm	ПОДРАЖАТЕЛЬНЫЕ СЛОВА	2	1	1	c9c3b2efaa7a35b04bb8da54f80a37da625109e19086959385d440e1236e6ce4
gram/morphol/podrajslova/structpodrsl.htm	СТРУКТУРА ПОДРАЖАТЕЛЬНЫХ СЛОВ	232	196	36	51c99d05f51ae7ee208131d04e7445c298def9c63103fcf0991e0a69b468778a
gram/morphol/podrajslova/structpodrsl1.htm	Дмитриев Н. К.  Грамматика башкирского языка. М.; Л., 1948, с. 29.	0	0	0	d1332227c2351e1939d34962a584e31a899595c435888ca89328ace4c4c80089
gram/morphol/podrajslova/syntfun.htm	СИНТАКСИЧЕСКИЕ ФУНКЦИИ ПОДРАЖАТЕЛЬНЫХ СЛОВ	136	131	5	d530f40b75eff09b065fe162e3b66066d4d3064bc3292561431ffc91e57e8e16
gram/morphol/podrajslova/zvatslova.htm	ЗВАТЕЛЬНЫЕ СЛОВА	30	20	10	d5216a7ddbfb63968a327ed50671c7857c6861582a2cf0cc322f9df0a91487ce
gram/morphol/poslelogi/obchchar.htm	ОБЩАЯ ХАРАКТЕРИСТИКА	125	101	24	e33ac561832fc8b5d4efdf4abff7c7850af4738c6bf35008e89aa3900c16fae7
gram/morphol/poslelogi/posleloguprdatpad.htm	ПОСЛЕЛОГИ, УПРАВЛЯЮЩИЕ ДАТЕЛЬНЫМ ПАДЕЖОМ	115	115	0	2b926a9b1bb173f1677d158eff642dc5650a305c16912f6c423dbbbc95764d04
gram/morphol/poslelogi/posleloguprishpad.htm	ПОСЛЕЛОГИ, УПРАВЛЯЮЩИЕ ИСХОДНЫМ ПАДЕЖОМ	77	77	0	7a73e3596138a11ceeb2ba317888bd784201784a59d4e6ef2afca672f04d9c40
gram/morphol/poslelogi/posleloguprosnpad.htm	ПОСЛЕЛОГИ, УПРАВЛЯЮЩИЕ ОСНОВНЫМ ПАДЕЖОМ	241	239	2	c57c3d0d7ef61698c23bff19ba46e8bd59f3e10b5cc8f029dfe04102e0976535
gram/morphol/prilag/adekt.htm	АДЪЕКТИВАЦИЯ ГЛАГОЛЬНЫХ ФОРМ	120	119	1	a6eee7fa0ebe4fdceb5d8277bde2c1b23049a94d9d713c6468babd3aa39fdc5d
gram/morphol/prilag/formyusil.htm	ФОРМЫ ВЫРАЖЕНИЯ УСИЛЕНИЯ И ОСЛАБЛЕНИЯ ПРИЗНАКА	82	65	17	3df957e97b55c8c84e6763cf74f76c7455e91ecc7cf45d7c789584eaff7f243d
gram/morphol/prilag/formyusil1.htm	Употребление существительных, наречий и других слов в функции усилителей признака типа сейә ҡыҙыл 'красный, цвета вишни', ут йәшел 'зеленый, цвета травы', дөм ҡараңғы 'совсем темный', шоморт ҡара 'черный, цвета черемухи', салт аяҙ 'совершенно ясный', тома һуҡыр 'совершенно слепой' или аналитических конструкций бик һәйбәт (кеше) 'очень хороший (человек)', ғәжәп ҙур (пароход) 'удивительно большой (пароход)' и т. п. представляет собой скорее лексико-синтаксическое явление, нежели грамматическое, и подлежит описанию в других разделах.	17	17	0	fda91ed302d524821d61e59dd4966b3710b2119d26db9c1d0d8598932cea227f
gram/morphol/prilag/formyusil2.htm	Исхаков Ф. Г. Имя прилагательное. – ИСГТЯ, ч. 2, с. 147 и сл.	0	0	0	dd58a2107b91ab2114f06c8360e9a3828fc4c0b49c5f8b7c2e2676ffad95205b
gram/morphol/prilag/formyusil3.htm	В языке башкир Оренбургской, Куйбышевской и Саратовской областей, относящемся к южному диалекту башкирского языка, для передачи меньшей интенсивности качества употребляется афф. -лау/-ләү: ҡаралау 'черноватый', һарылау 'желтоватый', йәшелләү 'зеленоватый' и др.	5	4	1	926cc17e1ed49030e78a0b8e222f2a319c7ebd88f6cc9224bb4fa73e2d04fef3
gram/morphol/prilag/maloprodaffi.htm	МАЛОПРОДУКТИВНЫЕ АФФИКСЫ	420	364	56	4d2911443deb4ce79885ebaed9da81c7e5acf5c8b4db128a49e75a708475774e
gram/morphol/prilag/maloprodaffi1.htm	Räsänen M.Versuch eines etymologischen Wörterbuchs der T ükksprachen. Helsinki, 1969, р 200.	0	0	0	c972084d48bb8f962a4c2e8a6ab6ad3cf5610d4379573a47603c5384b4bdc189
gram/morphol/prilag/maloprodaffi10.htm	Räsänen M.Versuch eines etymologischen Wörterbuchs der Tükksprachen. Helsinki, 1969, р. 21.	0	0	0	f7ca5f84f32296430e3786b9a6ada32fb9e77657fcf795cfbaea3ba84de8d809
gram/morphol/prilag/maloprodaffi11.htm	Räsänen M.Versuch eines etymologischen Wörterbuchs der Tükksprachen. Helsinki, 1969, с. 484.	0	0	0	11e1025d4ef814bc9b6dfbec4788f14e25b08bb0d06081903bfd99042c0e1e10
gram/morphol/prilag/maloprodaffi12.htm	Räsänen M.Versuch eines etymologischen Wörterbuchs der Tükksprachen. Helsinki, 1969, с. 440.	0	0	0	f5bfc235a75f9cd9c794ed9289f99a302235f4d68aa9a09c54accc1f96c83698
gram/morphol/prilag/maloprodaffi13.htm	Räsänen M.Versuch eines etymologischen Wörterbuchs der Tükksprachen. Helsinki, 1969, р. 473.	0	0	0	92a09a6276799eeebb33ab39e8f131f1fad83102e8d5dd0767fe37a0fac855c0
gram/morphol/prilag/maloprodaffi14.htm	Иллич-Свитыч В. М. Опыт сравнения ностратических языков. М., 1971, с. 230.	0	0	0	1b667c5b317a81606151102e554fe9bf69a55f384c5ae28421842ede3fbc83b0
gram/morphol/prilag/maloprodaffi15.htm	Севортян Э. В. Этимологический словарь тюркских языков: Общетюркские и межтюркские основы на гласные. М., 1974, с. 457.	0	0	0	4d32c963640a114d76e6cdde3d66913f0230cdca88668e7fc057eaeb6a4f9b42
gram/morphol/prilag/maloprodaffi16.htm	Севортян Э. В. Этимологический словарь тюркских языков: Общетюркские и межтюркские основы на гласные. М., 1974, с. 381.	0	0	0	180af29a463a2f695223c23052e3cfdd77de0f8f8f4fe795f1a58f25412e0f48
gram/morphol/prilag/maloprodaffi17.htm	Räsänen M.Versuch eines etymologischen Wörterbuchs der Tükksprachen. Helsinki, 1969, р. 183.	0	0	0	47871f74fd0ee020c5752326677ef8918f8f98e8440ca28d7cb31c20fc0c854e
gram/morphol/prilag/maloprodaffi18.htm	Севортян Э. В. Этимологический словарь тюркских языков: Общетюркские и межтюркские основы на гласные. М., 1974, с. 477–479.	0	0	0	045ece730ccbc59b98fdbf36c0d5a695257323d2f7a75f31df988a2b1df26224
gram/morphol/prilag/maloprodaffi19.htm	Räsänen M.Versuch eines etymologischen Wörterbuchs der Tükksprachen. Helsinki, 1969, р. 347.	0	0	0	4ddd4428b7ba5912e4133bb90d94a0202d683e2ec8d49f7d68fb64a91ed4afd2
gram/morphol/prilag/maloprodaffi2.htm	Ср.: Щербак А. М. Названия домашних и диких животных в тюркских языках.– В кн.: Историческое развитие лексики тюркских языков. М., 1961, с. 135; Немет Ю. Два кыпчакских географических названия в Венгрии. – В кн.: Исследования по тюркологии. Алма-Ата, 1969, с. 26–29.	0	0	0	2eef414d57a9af32a1175f75053692f3e244b466cffed93e46437cef41717a3c
gram/morphol/prilag/maloprodaffi20.htm	Радлов В. В. Опыт словаря тюркских наречий. СПб., 1911, т. 3, с. 1942.	0	0	0	7895983dc7626cd938de1cf046132a766f173606e24db8a92b8c4f68da9f4d4e
gram/morphol/prilag/maloprodaffi3.htm	Räsänen M.Versuch eines etymologischen Wörterbuchs der Tükksprachen. Helsinki, 1969, р. 94.	0	0	0	b1b1697ee4319fc7aeb65bac25d755fa0a3ac1ae72c4c58fd6b3070eba3fed76
gram/morphol/prilag/maloprodaffi4.htm	Räsänen M.Versuch eines etymologischen Wörterbuchs der Tükksprachen. Helsinki, 1969, р 65.	0	0	0	0e37964332ee9da0896986beb52311d8679878223943035aade35b4fc0efa209
gram/morphol/prilag/maloprodaffi5.htm	Räsänen M.Versuch eines etymologischen Wörterbuchs der Tükksprachen. Helsinki, 1969, с. 235.	0	0	0	174ebb292c00281517c3452b6cb99907ddcf43ed3063caf0f51beeeb4573ed3c
gram/morphol/prilag/maloprodaffi6.htm	Räsänen M.Versuch eines etymologischen Wörterbuchs der Tükksprachen. Helsinki, 1969, с. 281.	0	0	0	7f7b0003a8680df58da031423280a4fbc07f12b65c1170caa69a62917f632e14
gram/morphol/prilag/maloprodaffi7.htm	Räsänen M.Versuch eines etymologischen Wörterbuchs der Tükksprachen. Helsinki, 1969, с. 180.	0	0	0	0b9d3cbba54b7c00213a138e9874fd872adc33b256c5ed37b1f5de7ed97a1611
gram/morphol/prilag/maloprodaffi8.htm	Севортян Э. В. Этимологический словарь тюркских языков: Общетюркские и межтюркские основы на гласные. М., 1974,  с. 130.	0	0	0	6ec236d08d5888fcebc775b2e4d64458408e8990cf2125d697df17b341d95b6f
gram/morphol/prilag/maloprodaffi9.htm	См. также: Räsänen M.Versuch eines etymologischen Wörterbuchs der Tükksprachen. Helsinki, 1969, р. 470.	0	0	0	4df8488bf6449a1b25e05bb9e5e4e2726b3c675c25355ba312184948aa088ddb
gram/morphol/prilag/neprodaffi.htm	НЕПРОДУКТИВНЫЕ АФФИКСЫ	76	65	11	2da6556d7121d8faddfacfa18f47913730fd570b56e2a2fa0c1cec3f38b4b9d1
gram/morphol/prilag/neprodaffi1.htm	Räsänen M.Versuch eines etymologischen Wörterbuchs der Tükksprachen. Helsinki, 1969, р. 187.	0	0	0	164cc9341d5e9eb1c5da15086e7fa5e6717a1f49f2ad59e0e09a1beda6b42b65
gram/morphol/prilag/neprodaffi2.htm	30. Щербак А. М. Сравнительная фонетика тюркских языков. Л., 1970, с. 193.	0	0	0	55851b629ae1d842790b08ed168176b5d95f2c98d53daaa90bc99f276bad4576
gram/morphol/prilag/nulaffi.htm	ДЕЗАФФИКСАЦИЯ ЗАИМСТВОВАННЫХ ПРИЛАГАТЕЛЬНЫХ (НУЛЕВЫЕ АФФИКСЫ)	17	12	5	db863dd720399e29c4f1bad4d5bc37276e642cc4d66a2ec4eeba190ff70bfaa2
gram/morphol/prilag/obchchar.htm	ИМЯ ПРИЛАГАТЕЛЬНОЕ	208	205	3	f7270b1637b5ea82459573f0a294163b5be202744d97c43030c7a4c290b043e8
gram/morphol/prilag/parprilag.htm	ПАРНЫЕ ПРИЛАГАТЕЛЬНЫЕ	53	52	1	9d02a61f16a26e17423c7caaddb53777ab0f9a742a54a193534f02293eeccaf5
gram/morphol/prilag/parprilag1.htm	Ср.: Киекбаев Ж. Ғ. Башҡорт теленең фонетикаһы. Өфө, 1958, с. 189.	0	0	0	a2f6f1700a7646c86d7cb70fcdcfcda4670e8caa89e68e09d0f09db684252853
gram/morphol/prilag/prilag.htm	ОБЩАЯ ХАРАКТЕРИСТИКА	0	0	0	23eb29a650e2dbb3a2ef75ab324ab93c525a4defce5340c7623b89d0df996af0
gram/morphol/prilag/prilagpovtor.htm	ПРИЛАГАТЕЛЬНЫЕ-ПОВТОРЫ (РЕДУПЛИКАЦИЯ)	96	96	0	fc0ef628fa9913eb1ce3b9258fbf88c986c97b205a0f1b164abb5bed02292bea
gram/morphol/prilag/prilagsra.htm	ПРИЛАГАТЕЛЬНЫЕ-СРАЩЕНИЯ	26	26	0	94335139d80c24b1be8c4a54557d9484fc82386e49a9a1d1083778142f7bb088
gram/morphol/prilag/prodaffi.htm	ПРОДУКТИВНЫЕ АФФИКСЫ	535	495	40	96478a2947040fe38efcb5f93aaeb10ddd3f426b56f1ad0dcc2c351e35e09931
gram/morphol/prilag/prodaffi1.htm	Здесь и далее цифровые данные об аффиксах приводятся по «Башкирско-русскому словарю» (М., 1958; далее – БРС).	0	0	0	ef0752c7daa61324f8d40e101c3a4ce8e4fe8ceca50e590e802c2c9cfde7322c
gram/morphol/prilag/prodaffi2.htm	Сходную картину наблюдаем в близкородственном татарском языке, где по данным «Татарско-русского словаря» (М., 1966; далее – ТРС) 63% исконных основ образуют прилагательные с -лы/-ле, алломорфы же -лө/-ло по литературным канонам эксплицитно не актуализированы; 24% основ формируются за счет заимствований из русского языка и через русский, а 13% представляют собой арабизмы и фарсизмы. Ср. несколько иные подсчеты в кн.: Ганиев Ф. А. Суффиксальное словообразование в современном татарском литературном языке. Казань, 1974, с. 160.	0	0	0	5b17894ed97a0609c4fbf45782b15be862670c0756eb616c597464f8285a281e
gram/morphol/prilag/prodaffi3.htm	Псянчин В. Ш. Обладательный падеж. – Вопросы башкирского языкознания. Уфа, 1975, с. 41–42; Ганиев Ф. А. Суффиксальное словообразование в современном татарском литературном языке. Казань, 1974, с. 160; ср.: Проспект «Грамматики современного башкирского литературного языка». Уфа, 1974, с. 35.	0	0	0	bf2280c711e4e867eb03d7d80b51a1037b9d3c4b0a75a4ae9f8917d3b49e3e6b
gram/morphol/prilag/prodaffi4.htm	Радлов В. В. Опыт словаря тюркских наречий. СПб., 1911, т. 4, с. 1852.	0	0	0	7002346d580518fda5d21c0fbe84e6318791d989b37b3306049ea8ef438a3436
gram/morphol/prilag/prodaffi5.htm	М. Рясянен считает это слово монголизмом: Räsänen M.Versuch eines etymologischen Wörterbuchs der Tükksprachen. Helsinki, 1969, S. 502.	0	0	0	d1b22e7dca8521f9e688eade2443a8d8a2b8121de8b9063a7eacba8b176a5640
gram/morphol/prilag/prodaffi6.htm	Севортян Э. В. Этимологический словарь тюркских языков: Общетюркские и межтюркские основы на гласные. М., 1974, с. 185.	0	0	0	be3e1141c5439d687af5ace76bed1b499ae4755ee6b30f3c53da141da7b83023
gram/morphol/prilag/prodaffi7.htm	См. также: Севортян Э. В. Этимологический словарь тюркских языков: Общетюркские и межтюркские основы на гласные. М., 1974, с. 85–86.	0	0	0	53e768adc5fc94f09a99d240b78d996be0587fca921068233697a94170071793
gram/morphol/prilag/prodaffi8.htm	Räsänen M.Versuch eines etymologischen Wörterbuchs der T ükksprachen. Helsinki, 1969, р. 348.	0	0	0	d2bd6e03cf8aa86ab93b8b3faacc7961f24e3be3242d4c56386ba4a4af1aa205
gram/morphol/prilag/slojaffi.htm	СЛОЖНЫЕ АФФИКСЫ	164	125	39	4322025bae77f25d49345e3b70feb70de8badcdbaa73300d574fb18d5a4d23ad
gram/morphol/prilag/slojaffi1.htm	Егоров В. Г. Этимологический словарь чувашского языка. Чебоксары, 1964.	0	0	0	3363e9b6702cc350b11199f9240bfac31f926d7b1bf302afbf497549dacff76b
gram/morphol/prilag/slojaffi2.htm	Räsänen M.Versuch eines etymologischen Wörterbuchs der Tükksprachen. Helsinki, 1969, р. 205, 476.	0	0	0	bde5054daa4b1e54a77b1ab357fd3f846a9afb324235454a28202eeb8f7baf5f
gram/morphol/prilag/slojaffi3.htm	См. Радлов В. В. Опыт словаря тюркских наречий. СПб., 1911, т. 4, с. 286–288.	0	0	0	ca64cac0f834e93dbabf0d0b4f55a14720b5d22de4903c59a36a34cdad257d88
gram/morphol/prilag/slojprilag.htm	ПАРНЫЕ ПРИЛАГАТЕЛЬНЫЕ	0	0	0	595432228673941526803d51d77481f5e36edc50557581717fc6b4f3e636684f
gram/morphol/prilag/slovoobr.htm	АФФИКСАЦИЯ	0	0	0	de9ffc7afe490d8204ff9c1407e1c01fa2ef7b3862d43d459c0e2c054e047e32
gram/morphol/prilag/sostavprilag.htm	СОСТАВНЫЕ ПРИЛАГАТЕЛЬНЫЕ	305	300	5	346db66af3a8783a2d6e2d6d9c27cf2858f9cb21778455656948a5ef6cfe3d73
gram/morphol/prilag/stepenisrav.htm	СТЕПЕНИ СРАВНЕНИЯ	111	103	8	b4522c73d8e9c24b935d9c50f8346c7deb04fb933e49f009e100034a665c6e89
gram/morphol/prilag/stepenisrav1.htm	Н. К. Дмитриев правильно отмечает, что афф. -раҡ может усиливать основное понятие и ослаблять его, как в туркменском и других тюркских языках. См.: Дмитриев Н. К. Грамматика башкирского языка. М.; Л., 1948, с. 87.	1	0	1	5bae599f4c6206dff1b2738dc59d0ecaf899bd31ec8f89e3f22321a3c866b0dd
gram/morphol/prilag/stepenisrav2.htm	Исхаков Ф. Г. Имя прилагательное. – ИСГТЯ, ч. 2, с. 163.	0	0	0	a95349d2a5ba81c961fb0f82b17d408801e0054f11cb340ffaec266eccbf6eda
gram/morphol/prilag/zaimaffi.htm	ЗАИМСТВОВАННЫЕ АФФИКСЫ	63	51	12	cf42b5e9939caa08cef843011f717e00b393271933e3d986978eb90387696fed
gram/morphol/prilag/zaimaffi1.htm	Дмитриев Н. К. Грамматика башкирского языка. М.; Л., 1948, с. 79–81.	0	0	0	86a1cb5f380afa88eb594ae4f2877a969f948588b3e0db56b1c4c0a7b95a93a6
gram/morphol/prilag/zaimaffi2.htm	Киекбаев Ж. Ғ. Башҡорт теленең фонетикаһы. Өфө, 1958, с. 108.	0	0	0	6fd06832eca4f7d0d40cc4e0b2cb38a401d2ffdc4beafc132c3dea17bf269149
gram/morphol/prilag/zaimaffi3.htm	См.: Ковалев А. А., Шарбатов Г. Ш. Учебник арабского языка. М., 1960, с. 92.	0	0	0	4c0ec956db81bfb2fa55ddfd2226f04031bb2066df7b2ba4ded5fd95070b4578
gram/morphol/souzy/obchchar.htm	ОБЩАЯ ХАРАКТЕРИСТИКА	15	15	0	20c45af48ca4de3332776f384a83c37eeebc3278b2e4c9426a098fb4e1279343
gram/morphol/souzy/podchsouz.htm	ПОДЧИНИТЕЛЬНЫЕ СОЮЗЫ	167	167	0	cfc9ccbeb97c039657aa7d8799619e8b2186e72e89b1c4e66a6c4c13333a440a
gram/morphol/souzy/protivsouz.htm	ПРОТИВИТЕЛЬНЫЕ СОЮЗЫ	185	184	1	df34045720a475d3df7ec37f4f6e2c0f014b61fb6aa5b353fa3e4f2de5b6e4a8
gram/morphol/souzy/razdopred.htm	РАЗДЕЛИТЕЛЬНО-ОПРЕДЕЛИТЕЛЬНЫЕ СОЮЗЫ	64	64	0	7dcf3606394d4912b1358213bbd3ae28c1a1d26d5465b72116b6b5496074327a
gram/morphol/souzy/razdperech.htm	РАЗДЕЛИТЕЛЬНО-ПЕРЕЧИСЛИТЕЛЬНЫЕ СОЮЗЫ	128	128	0	3d051cdabfe74c40ae54630aae14e42c42b0604b5aa5d9c34b73d968f865b2d4
gram/morphol/souzy/soedsouz.htm	СОЕДИНИТЕЛЬНЫЕ СОЮЗЫ	119	118	1	f02756603c4e2b5c25d85eafc995c1a3de071b405f1665683737e3224d32879d
gram/morphol/suchestv/aff-lyk1.htm	Дмитриев Н. К. Грамматика башкирского языка. М.; Л., 1948, с. 67.	0	0	0	f94b365553417ec26e4c9e4376d6f5d8ecc1b0d0c33f4aa2d55fb0a6c8c55a98
gram/morphol/suchestv/aff-lyk2.htm	Дмитриев Н.К. Грамматика башкирского языка. М.;Л., 1948, с. 66–67.	0	0	0	98e15100e9b72c444e26f97d6fc978788d559c820cc1d36ab9cfe30a2f40edeb
gram/morphol/suchestv/aff-lyk3.htm	Севортян Э. В. К соотношению грамматики и лексики в тюркских языках. – Вопросы теории и истории языка. М., 1952, с. 311.	0	0	0	a5e1457c5868f307933e06abd0d36496ea61daa3ef679e45c196edbf74a0f77f
gram/morphol/suchestv/aff-ma1.htm	Räsänen M. Versush eins etymologischen Wärterbuchs der Türksprachen. Helsinki, 1969, S. 297; Егоров В. Г. Этимологический словарь чувашского языка. Чебоксары, 1964, с. 264-265.	0	0	0	d9957061437e3c22ff57f94ed8d6eeab59dbf98a237241baaec943db53cf1163
gram/morphol/suchestv/aff-sy1.htm	См.: Киекбаев Ж. Ғ. Башҡорт теле. Педагогия училищеләре өсөн дәреслек. Өфө, 1976, б. 246–247.	0	0	0	70e85c60b1c82f41338bdd3d0748a152e2d5a10264886954de861824a0d90928
gram/morphol/suchestv/aff-sy2.htm	См. также: Севортян Э. В. Этимологический словарь тюркских языков. М., 1974, с. 545.	0	0	0	efdd0c69988a8ea7cf378521b125feda8ba3464fc14c7fac639a1a291604b063
gram/morphol/suchestv/affik.htm	Аффиксация	606	551	55	df1f8a93e30c91d4be9ae69843f95780f6149db933a05c4f3a71831facc87dd8
gram/morphol/suchestv/grammkatsych/chislo.htm	КАТЕГОРИЯ ЧИСЛА	345	332	13	b57c3d8122dae338d9465dd270fda86c3d041ff1f5b321143df4c573317160c9
gram/morphol/suchestv/grammkatsych/chislo1.htm	Аффиксы мн. числа сохранились лишь в отдельных названиях населенных пунктов, которые имеют этнонимическое происхождение и сейчас воспринимаются в значении ед. числа как цельные названия, а не расчлененные множества: Оҙоннар (населенный пункт в Архангельском р-не БАССР), Бишәүҙәр (населенный пункт в Салаватском р-не), Күлләр (населенный пункт в Кармаскалинском р-не) и др.	0	0	0	5d3c16f70f4a50098297abfe446ac5af569c2ce7ad4d6f2e6714838c0f86c63c
gram/morphol/suchestv/grammkatsych/chislo2.htm	В башкирском языке сохранилось несколько архаичных слов преимущественно заимствованных в форме мн. числа, например: халайыҡ 'народ', фоҡара 'бедняк' (из арабского языка), у(ғ)лан 'сын', яран 'приближенный' (из персидского языка). Такие слова воспринимаются в значении ед. числа и соответственно могут принимать аффикс мн. числа: халайыҡтар 'народы', фоҡаралар 'бедняки', ярандар уст. 'сподвижники', уландарым 'дети мои'.	8	8	0	05d353d285ad637d38f994041d83aadf685fc6f41fe9cd094145c68940d2f593
gram/morphol/suchestv/grammkatsych/chislo3.htm	Иногда оно называется разделительным множеством. См.: Кононов А. Н. Грамматика современного турецкого литературного языка. М.; Л., 1956, с. 67.	0	0	0	762e106d2cbd61d15949827986ea4dda2e98fb5138c5c2a515d2f9acd345c675
gram/morphol/suchestv/grammkatsych/chislo4.htm	Аффикс мн. числа при вопросительных местоимениях и наречиях времени выражают предположительность, приблизительность: ҡасандары 'примерно когда', ҡайҙарҙа 'где-то, в каких-то краях', иртәгәләре 'во сколько-то завтра', бөгөндәре 'во-сколько-то сегодня'.	4	4	0	8e4e4c19f804a03998ad00bdc4bc1d6b8715a9c97bf163bac3af846add8d9a24
gram/morphol/suchestv/grammkatsych/chislo5.htm	Киекбаев Ж. Ғ. Хәҙерге башҡорт теле. Өфө, 1966, с. 63.	0	0	0	52053b22d8bdaa93bef7a2852ed942465493c5fce1278ff481b026e7a8418c5e
gram/morphol/suchestv/grammkatsych/datpadez.htm	ДАТЕЛЬНЫЙ ПАДЕЖ	356	355	1	63d403bcad269209bb2fdc3cec922ee1e7de333dae68efba2dd4eebd4e6a2d29
gram/morphol/suchestv/grammkatsych/datpadez1.htm	При управлении прилагательными дательный падеж теряет свое падежное значение и в составе словосочетания выступает в функции определения и сказуемого.	0	0	0	54a4a82b6769b9dd9a9ec4e5905fda36f85b99cb7a01b8eb7a65ee0dfe4855ac
gram/morphol/suchestv/grammkatsych/datpadez2.htm	Иванов С. Н. Курс турецкой грамматики. Л., 1975, ч. 1, с. 81.	0	0	0	d0952573045a7532b42e4366d8a235da2524750582486450bada42eb241b6a11
gram/morphol/suchestv/grammkatsych/ishpadez.htm	ИСХОДНЫЙ ПАДЕЖ	314	310	4	28fd1629631d6f44a96d9c23566c2e3054a520be23aab5af4d0be6239b87004e
gram/morphol/suchestv/grammkatsych/katopred.htm	КАТЕГОРИЯ ОПРЕДЕЛЕННОСТИ/НЕОПРЕДЕЛЕННОСТИ:	248	243	5	4f6f93b510f7c9d155b6616a1cfbfd9f14b07867e2c8a8a18aa4865af5f090b4
gram/morphol/suchestv/grammkatsych/katopred1.htm	В тюркологии еще не выработано единого понимания сущности и форм проявления категории определенности/неопределенности. Отдельные авторы и сейчас не выделяют ее в самостоятельный раздел грамматики, хотя Н. К. Дмитриев еще в 40-е годы рассматривал эту категорию как самостоятельную (см., например, его «Синтаксис балкарского языка» в кн.: Дмитриев Н. К. Строй тюркских языков. М., 1962, с. 362–365). Дж. Г. Киекбаев применил теорию определенности/неопределенности в диахронном аспекте исследования морфологии и на ее основе объяснил происхождение некоторых форм имени и глагола в башкирском языке, а также в ряде урало-алтайских языков (см.: Киекбаев Д ж. Г. Введение в урало-алтайское языкознание. Уфа, 1972; Он же. О происхождении некоторых падежных форм в урало-алтайских языках в свете теории определенности-неопределенности. – В кн: Вопросы методики и методологии лингвистических исследований. Уфа, 1966; и др.).	0	0	0	1fc58f4c3cfe31f243b311ae93543ffbb48964ffc2f95fdaa7f3100d8f266469
gram/morphol/suchestv/grammkatsych/katopred2.htm	Сочетаясь со словами, обозначающими меру, бер выступает только в своем числовом значении «один», а неопределенность выражается его синонимом берәй, который, однако, здесь одновременно обозначает и неуточненное количество. Ср. бер бот ашлыҡ 'один пуд зерна' – берәй бот ашлыҡ 'около пуда зерна', бер сынаяҡ сәй 'одна чашка чая' – берәй сынаяҡ сәй 'одна или несколько чашек чая' и т. п.	6	6	0	b82b3801001b8998f4a7b006210698b052ffea795e279823d0375fa3d808e286
gram/morphol/suchestv/grammkatsych/katopred3.htm	Дмитриев Н. К. Строй турецкого языка. М.; Л., 1939, с. 44–45.	0	0	0	341d92d797134a2262488c8bd00349408aba6e0774fd6e7f983ddc9475cb132b
gram/morphol/suchestv/grammkatsych/katopred4.htm	Иванов С. Н. Курс турецкой грамматики. Л., 1975, ч. 1, с. 44–49.	0	0	0	eafd7e7e9cb6e29de0f7ba77a52e618fc3d75f4d6f2ea5f7ecac55d471620d5c
gram/morphol/suchestv/grammkatsych/katprinad.htm	КАТЕГОРИЯ ПРИНАДЛЕЖНОСТИ	224	190	34	afccd86329f325fb7188d938ebc2f04358d26fa0210d19c92007e336f66ff4a9
gram/morphol/suchestv/grammkatsych/katprinad1.htm	Дмитриев Н. К. Грамматика башкирского языка. М.; Л., 1948, с. 54.	0	0	0	4dee28de72034caaf68f29427fe6082a58afd5334d6e8411e1734b75736fe6ab
gram/morphol/suchestv/grammkatsych/katprinad2.htm	Севортян Э. В. Категория принадлежности. – ИСГТЯ, т. 2, с. 43.	0	0	0	2d4c76b013a67cf9cb491c0ed62db9b6eeea30ae65d1f5b3f98277044b738781
gram/morphol/suchestv/grammkatsych/katprinad3.htm	Н. К. Дмитриев к категории принадлежности относил также афф. -лы (см.: Дмитриев Н. К. Категория принадлежности. – ИСГТЯ, т. 2, с. 24). Такую точку зрения нельзя считать правомерной потому, что существительные с данным аффиксом безотносительны к лицу, и выступают только в форме ед. числа. Этот показатель следует отнести к словообразовательным формантам существительного и прилагательного, выражающим наличие, а не принадлежность.	0	0	0	1fee0c0f2098ed0e0efc11a1c64ae623ebaf5c5c90fa62add518be9fc3ca241a
gram/morphol/suchestv/grammkatsych/katprinad4.htm	В словах с конечной гласной 1-е лицо мн. числа категории принадлежности совпадает с формой 1-го лица мн. числа сказуемости, но отличается по месту ударения. Аффикс принадлежности всегда составляет ударный слог, аффикс сказуемости безударен. Ср.: балабыҙ 'наш ребенок', но балабыҙ 'мы – дети', кешебеҙ 'наш человек', кешебеҙ 'мы – люди' и т. п.	2	2	0	9d617f3697732408ec54bf80912237869ee1272ac8979213f0fb36dc5beecefa
gram/morphol/suchestv/grammkatsych/katprinad5.htm	Дмитриев Н. К. Грамматика башкирского языка. М.; Л., 1948, с. 58.	0	0	0	8ca2c31d0220174a1c9e7d153337870a721196c1ae4c4b1ac75464e3f42fa5c2
gram/morphol/suchestv/grammkatsych/katprinad6.htm	Дмитриев Н.К. Грамматика башкирского языка. М.; Л., 1948, с. 55.	0	0	0	4dcc87f1186946f0e056a62e35f335e756ea978256f68fa4ab0bcc5420dafd3d
gram/morphol/suchestv/grammkatsych/katskaz.htm	КАТЕГОРИЯ СКАЗУЕМОСТИ	194	175	19	8d2da882d4e1f657a51827103c3601a4e60e7160f7d3cc3671b248d02fe575ca
gram/morphol/suchestv/grammkatsych/katskaz1.htm	В тюркологии принято возводить аффиксы сказуемости к личным местоимениям. См.: Дмитриев Н. К. К истории аффиксов сказуемости. – ИСГТЯ, ч. 2, с. 5.	0	0	0	fc2576814388bfbccc956463623d0dc05e7ea003ca2cf95a2e62ffbc7c5b3c3e
gram/morphol/suchestv/grammkatsych/katskaz2.htm	Киекбаев Ж. Ғ. Хәҙерге башҡорт теле, с. 66.	0	0	0	fc886e50e95e5836b7e00bf02d2b35512515da38ddb8619a40d3e9987d2d30d7
gram/morphol/suchestv/grammkatsych/katskaz3.htm	Примечание ред. Категория сказуемости обнаруживает полный изоморфизм с категорией времени, наклонения, лица и числа глагола, поскольку позиция сказуемого закреплена за глаголом как за частью речи. Соответственно она представлена не только морфологическим (с помощью аффиксов сказуемости) и синтаксическим (с помощью связки ине в форме прошедшего времени) индикативом, но и аналитическим сослагательным, желательным наклонением и под.: Үҙең килһәң, яҡшы булыр ине 'Было бы хорошо, если бы пришел ты сам'; Кәрим инженер булыр ине, дипломы юҡ 'Карим стал бы инженером, (но) у него нет диплома'; (һин) артист булһаң ине, ҡыҙыҡ булыр ине 'Было бы интересно, если бы (ты) стал артистом'; Ҡыш йылы булһын ине 'Была бы зима теплой' и т. п. Да и в индикативе категория сказуемости представлена рядом аналитических форм: Быйыл һин депутат буласаҡһың (булырһың) 'В этом году депутатом станешь ты'; Лекциялар элегерәк ҡыҙыҡ була торғайны 'Лекции раньше были интересными' и т. п.	18	18	0	87f21981949d877cc6c79df43a6b419230574a564d7d3f410921d98ad57a1c88
gram/morphol/suchestv/grammkatsych/mestpadez.htm	МЕСТНЫЙ ПАДЕЖ	139	139	0	18d7985aba1c393e321b3e32ad92048ff0550537f3a19d9225ee20ca89276682
gram/morphol/suchestv/grammkatsych/osnpadez.htm	ОСНОВНОЙ ПАДЕЖ	440	438	2	02ef364a002d0d7dfb4334b28b80e4543b4d4c226e903ec9b055f03b01f5128d
gram/morphol/suchestv/grammkatsych/osnpadez1.htm	См. также: Иванов С. Н. Курс турецкой грамматики. Л., 1975, ч. 1, с. 19–21.	0	0	0	c37b3329a0c766dfa5a1e0a5c757ef8d4a686c5d2f39188884771ae838d4bf9e
gram/morphol/suchestv/grammkatsych/osnpadez2.htm	Послелог шикелле выражает также модальное значение сомнения, предположения: теге килгән атайым шикелле 'тот, идущий, кажется, мой отец'.	4	4	0	bd8b59e7493ec15cacb8af1e02467402e58903c1aed8d37795ad527ea2b5f615
gram/morphol/suchestv/grammkatsych/osnpadez3.htm	Послелоги арҡаһында (от арҡа 'спина'), тураһында (от тура 'напротив'), тарафынан (от тараф 'сторона') Н. К. Дмитриев рассматривает как переходный тип между служебными именами и послелогами (Грамматика башкирского языка. М.; Л., 1948, с. 233).	6	6	0	f9339be2bc47e5395ef16dd4beeda0ff51fd073d963218f79d483d8026a0a5ed
gram/morphol/suchestv/grammkatsych/padezkat.htm	КАТЕГОРИЯ ПАДЕЖА	72	56	16	695a2d966883c54395c5a5023edad73cd3c53684851e41d17fc735562339d12c
gram/morphol/suchestv/grammkatsych/padezkat1.htm	В учебнике для башкирских педучилищ выделено два винительных падежа – определенный и неопределенный (см.: Башҡорт теле. Педучилищеләр өсөн дәреслек. Өфө, 1968, с. 166). Р. Ф. Зарипов в своей кандидатской диссертации доводит число падежей до 19, причисляя к данной категории ряд словообразовательных аффиксов (Зарипов Р. Ф. Категория падежа в башкирском языке. Автореф. дис... канд. филол. наук. Уфа, 1971, с. 12).	0	0	0	3427070691f93c76ded920aae596f5f599eac1cf4aedd416ff592125188bfbe7
gram/morphol/suchestv/grammkatsych/rodpadez.htm	РОДИТЕЛЬНЫЙ ПАДЕЖ	128	123	5	7165a17ed254ba43f2c2aca21ed48b14b23f502539f313204c71c7f7710ab464
gram/morphol/suchestv/grammkatsych/vinpadez.htm	ВИНИТЕЛЬНЫЙ ПАДЕЖ	72	70	2	d01c327846dd0d09822989d7925511cf9a10a83368f861163278899c5f3670fd
gram/morphol/suchestv/grammkatsych/vinpadez1.htm	В значении неопределенного времени в сказках употребляется конструкция «исх. падеж + бер 'один' + вин. падеж: көндәрҙән бер көндө 'в один из дней', төндәрҙән бер төндө 'в одну из ночей'.	5	5	0	f36d73b6ee3af7ef80f757fa41d47ea87769e980a283fa53a03521acaeb60a26
gram/morphol/suchestv/obchar.htm	ОБЩАЯ ХАРАКТЕРИСТИКА	47	43	4	ca18221472417600da00e2c0e0555e8e133025162f8c743494ea922edfcbdee5
gram/morphol/suchestv/parsych.htm	ИМЕНА СУЩЕСТВИТЕЛЬНЫЕ, ОБРАЗОВАННЫЕ ПУТЕМ СЛОЖЕНИЯ	301	284	17	2e559f2e76d471504ccd883e7bb4018f6003b9b58b08520b3f6e915330c10079
gram/morphol/suchestv/slovoobred.htm	СЛОВООБРАЗОВАНИЕ СУЩЕСТВИТЕЛЬНЫХ	17	17	0	27c6a84a865a0f6acbc65f90e64ca973f6de90958186ee43ea191e1782f91d8b
gram/morphol/suchestv/subst.htm	СУБСТАНТИВАЦИЯ	103	102	1	8050bdf10707867bcec514659af23aeafeb8eaa77a98d1c3317fdd9c5d23b3a3
gram/morphol/vvodzam.htm	ВВОДНЫЕ ЗАМЕЧАНИЯ	249	208	41	176b4b3c9f247a451cc58b08d6c5ff400d79e0686220a8d7307f2939a605c09f
gram/morphol/vvodzam1.htm	Части речи объединяют слова с самой различной морфологической структурой, которые одинаково пользуются формообразованием и синтаксическими функциями, характерными для данной части речи (например, существительные, глаголы, наречия и др.).	0	0	0	a083e01ce8836e147a26589b4012075a59572c5d3fbe19290f375adbf791594d
gram/morphol/vvodzam10.htm	Значительная часть вопросительных местоимений по сути бытует на правах наречий (ср. ҡасан килә? 'когда прибудет?').	2	2	0	6938b849e2441da717ca53fff26f4c781b301befc823f14492a25c40014047f7
gram/morphol/vvodzam11.htm	См.: Юлдашев А. А. К характеристике служебных имен в башкирском языке. – Вопросы башкирского языкознания. Уфа, 1972, с. 39–51; Он же. Принципы составления тюркско-русских словарей. М., 1972, с. 304–325.	0	0	0	81eb2b44205633ddb814f4e5332ab8f0f3b441287f7e3d33efb7fd6c7c35ea32
gram/morphol/vvodzam2.htm	Юлдашев А. А. Лексикализация тюркских грамматических форм. – ВЯ, 1977, № 1.	0	0	0	7656947f977c5dfd57e9e398d1a6f6b603b70bcefb7adb0e6c89b0e035f729f2
gram/morphol/vvodzam3.htm	Например, словообразовательная форма на -лыҡ/-лек в причастиях на -ыр/-ер приобрела по сути особое значение причастия: барырлыҡ 'способный ходить', танырлыҡ 'представляющий возможность узнать'. Далеко за пределы собственно словообразования выходит значение отыменных форм на -лы, -һеҙ, именно поэтому нередко трактуемых как особые формы падежей.	5	5	0	fcf78f1ddcfcdd9bbffa0efcaaf23874560a99d630dc8f1fa2a61f905464c3a6
gram/morphol/vvodzam4.htm	Чем меньше абстрагирована категория, которую представляет данный аффикс, тем ближе к лексической основе расположен ее показатель. Таковы, например, категория числа имени, категория глагольного отрицания, бытующие в морфемике на правах словообразовательной формы.	0	0	0	79d106940d92820f8396553ff1dee0f69d9077a2066ad10f6d3c5442aceabd67
gram/morphol/vvodzam5.htm	Правда, и в словообразовательных формах диахронически выделяются типовые словообразовательные значения вроде 'занимающийся тем, что обозначено производящей основой' (умартасы 'пчеловод', балыҡсы 'рыбак'), на базе которого создается индивидуальное лексическое значение вновь образуемого слова. Но оно не может быть соотнесено только с аффиксом или производящей основой в отдельности, поскольку возникает как значение всей формы в зависимости от характера лексического значения производящей основы. Поэтому один и тот же деривационный аффикс при производящих основах данного семантического разряда приобретает одно такое типовое словообразовательное значение, при других производящих основах – другое.	2	2	0	b2fde2c3d5fb9b812f946246760f9dd1676cad7c3021f5cd2d4a13c4d2cda8b3
gram/morphol/vvodzam6.htm	Эти аффиксы выделяются на том основании, что образуют глаголы непосредственно от именных основ: ср. ярлыҡ-лан- 'обеднеть', урын-лаш- 'устраиваться' (нет глаголов, ярлы-ла-, урын-ла-).	4	3	1	f52653c2f787f533bd850217553a3b460c8175bc30936ff37396d32e3d47d97e
gram/morphol/vvodzam7.htm	Часть сложных аффиксов сходного рода возникла в результате потери продуктивности деривационного аффикса, предполагавшего производящую основу определенной структуры: ср. ары-м-тал (кеше) 'легко утомляющийся (человек)', йөрө-м-тәл (ат) 'ходкий (конь)', өшө-м-тәл (кеше) 'мерзлячка', где производящей основой служила рудиментарная форма имени действия на -ым/-ем, аффикс которого слился со словообразующим аффиксом –тал/-тәл по мере потери его продуктивности.	6	3	3	4ee117350867bd0ee11d1089509bcb132542b0734492d17b10d1fe4d497ef583
gram/morphol/vvodzam8.htm	Юлдашев А. А. Соотношение деепричастных и личных форм глагола в тюркских языках. М., 1977, с. 86–133; Ахтямов М. Х. Образование лексико-грамматических омонимов (омоформ) в башкирском языке. – В кн.: Башкирская лексика. Уфа, 1966, с. 24; Джурабаев М. А. Аффиксальная омонимия в узбекском языке. Автореф. дис... канд. филол. наук. Ташкент, 1975.	0	0	0	1c17b09db356cb72c65a8e4d023b39d589b749767e9389bb20122228f00af5d5
gram/morphol/vvodzam9.htm	Более подробно о природе аналитических форм см.: Юлдашев А. А. Аналитические формы глагола в тюркских языках. М., 1965; Оралбаева Н. Аналитические формы глагола в современном казахском языке. Автореф. дис... д-ра филол. наук. Алма-Ата, 1971.	0	0	0	b5365697b1556aeb5226389335c661218b9d81fed36ad3f60703c0fd7f1a21b1
gram/syntax/predlojenie/dopolnenie.htm	ДОПОЛНЕНИЕ	243	237	6	6004478a9bffdd080431553e81ba88a97c867e5a48b6dd73fa97f29d386cf5e5
gram/syntax/predlojenie/glavchlpred.htm	ГЛАВНЫЕ ЧЛЕНЫ ПРЕДЛОЖЕНИЯ	8	8	0	28d2103c11b18aa34ea19be8379840780ef0be5cdca3949ae77a4a3a85985fdb
gram/syntax/predlojenie/obchchar.htm	ПРЕДЛОЖЕНИЕ	0	0	0	f8caf34b4051131f55943c23c0b481eb9cf48ed5aba8eb12a57e6fbf384942ba
gram/syntax/predlojenie/obobslodnorobchl.htm	ОБОБЩАЮЩИЕ СЛОВА ПРИ ОДНОРОДНЫХ ЧЛЕНАХ	74	74	0	5b2a4c0fb5228857fbeebca169fee45b82fd8461434f44c1d07b97b4a9a16eb3
gram/syntax/predlojenie/obosobvtorchlpred.htm	ОБОСОБЛЕННЫЕ ВТОРОСТЕПЕННЫЕ ЧЛЕНЫ ПРЕДЛОЖЕНИЯ	184	183	1	bea8417dee27bf16ad75b00a1855945d12ea66c9a4169a429cfa1eb4520bc012
gram/syntax/predlojenie/obosobvtorchlpred1.htm	См.: Ширалиев М. Ш. Проблема сложноподчиненного предложения. – Вопросы грамматики тюркских языков. Алма-Ата, 1858, с. 81.	0	0	0	d1e245d9147061d892f42385336f9da99859176d535a24cd5d99d92f14ba6fee
gram/syntax/predlojenie/obosobvtorchlpred2.htm	Әхмәр Ҡ. Башҡорт телендә ябай һөйләм синтаксисе. Өфө, 1958, с. 169; Закиев М. 3. Синтаксический строй татарского языка. Казань, 1963, с. 156 и др.	0	0	0	2205a6684b0d7546b0f15f7d49dc096428e211bda20991200f341ff9393de974
gram/syntax/predlojenie/obrachenie.htm	ОБРАЩЕНИЕ	25	25	0	9110c2929f4c9321c74793eba212a4a6d3a6b86c1968a9e03acf609907ad7716
gram/syntax/predlojenie/obstoyat.htm	ОБСТОЯТЕЛЬСТВО	0	0	0	62455fb055656e2a838857b23ad3e285add5407ea2255768567b1f7fadb56d30
gram/syntax/predlojenie/obstoyatmesta.htm	Обстоятельство места	67	65	2	ed8299ea458c8d475195bc3b06b5c0c290533cb20d1ced026c06a867f8b7517e
gram/syntax/predlojenie/obstoyatobrdei.htm	Обстоятельство образа действия	140	140	0	696f9bbae15d77bac8c93376cccbdadfac2a30573ecabaee5158fbd3c3d52a47
gram/syntax/predlojenie/obstoyatprich.htm	Обстоятельство причины	119	117	2	5d1d3a32bd5197204925b02b991ee4661f396c842810185029cde4221b665c81
gram/syntax/predlojenie/obstoyatsrav.htm	Обстоятельство сравнения	92	84	8	b428a82c202e1943c4b471dcedb83c14517b5f27e5491073aae37ef9d0d25bfb
gram/syntax/predlojenie/obstoyatstepeni.htm	Обстоятельство меры и степени	134	130	4	7a875cfc268f9341e6c72817d7958f83bb63738f48de954d6857b6c25165a1be
gram/syntax/predlojenie/obstoyattseli.htm	Обстоятельство цели	156	156	0	882efee1da495e8c694c4869c37c15c30e22af2f44444676bc57423f5279fc52
gram/syntax/predlojenie/obstoyatustup.htm	Обстоятельство уступительное	36	35	1	a6e8b46aedc17fc0d03e77cbe8e8bce2b22faf68b8c4814ba04328afe5655d3b
gram/syntax/predlojenie/obstoyatvrem.htm	Обстоятельство времени	104	104	0	207d7410e83b996bd995f66965c19cb3d5f00aabfde64c8692c86883e0d142c8
gram/syntax/predlojenie/odnordopol.htm	ОДНОРОДНЫЕ ДОПОЛНЕНИЯ	51	50	1	54a98f5daed0f5fabd609780b1c58315b84a1a5c1b35086d44fe43f94b862eec
gram/syntax/predlojenie/odnorobchlpred.htm	ОДНОРОДНЫЕ ЧЛЕНЫ ПРЕДЛОЖЕНИЯ	21	21	0	d3527f2c8f413959ab4dcb2b00576f24e9cfdb59b63d379eeef1654bd25cfde7
gram/syntax/predlojenie/odnorobchlpred1.htm	Юлдашев А. А. Соотношение деепричастных и спрягаемых форм глагола в тюркских языках. М., 1977, с. 192.	0	0	0	e24f88f8bd2f83116240828f7207220b111ec80d703b2335f0079858fa39401c
gram/syntax/predlojenie/odnorobstoyat.htm	ОДНОРОДНЫЕ ОБСТОЯТЕЛЬСТВА ВРЕМЕНИ	161	160	1	96781a1e696723f7914440dee120c2d78de5e0ee15c8cadff813a06a224b3193
gram/syntax/predlojenie/odnoropred.htm	ОДНОРОДНЫЕ ОПРЕДЕЛЕНИЯ	42	42	0	aa5b4c71a9009e191dee7ef5115ab8aaf3370305db18ba221a3364aa2f835bab
gram/syntax/predlojenie/odnorpodlej.htm	ОДНОРОДНЫЕ ПОДЛЕЖАЩИЕ	54	53	1	80e54e34c759782ce347eb7bdf6c2b06418772334f1ae478338f483a8630d100
gram/syntax/predlojenie/odnorskaz.htm	ОДНОРОДНЫЕ СКАЗУЕМЫЕ	154	153	1	e3c93f467f250f76fc1fff8dc05c5c8d39ae9abfb981a7951800d526956bd11f
gram/syntax/predlojenie/odnorskaz1.htm	Примечание отв. ред. Эти союзы различаются не только по сфере своего применения, но и по значению; см.: Юлдашев А. А Проспект «Грамматики современного башкирского литературного языка». Сост. А. А. Юлдашев. Уфа, 1974, с. 199.	2	0	2	e8fcaede6fa877939aace2f469e585dfc85c2146c8ab811d4e3c96e81843ad92
gram/syntax/predlojenie/opredel.htm	ОПРЕДЕЛЕНИЕ	141	141	0	49f286e1173b1df5b5c8005fe06565d60d1e28444cd28a7eee06609bcdee1022
gram/syntax/predlojenie/podlej.htm	ПОДЛЕЖАЩЕЕ	136	136	0	678b6b2d3b618ac6750e2c15b801184df0f1088ddc6713659fe06289b60d28f8
gram/syntax/predlojenie/prilojenie.htm	ПРИЛОЖЕНИЕ	94	92	2	6febcf94ba644d08732d086036daca2765296f85b9887ca826fac3214ba618cb
gram/syntax/predlojenie/skazuem.htm	СКАЗУЕМОЕ	901	854	47	a90be4d063a8aa97af131b4718386212a19d900c98d6cbb53363ef30fc3b02c3
gram/syntax/predlojenie/skazuem1.htm	Зависимые конструкции со связанным сказуемым едва ли не впервые воедино собраны и описаны X. М. Есеновым, который весьма противоречиво оценивает их роль в структуре предложения и в его коммуникативном содержании: с одной стороны, он отказывает им в наличии предикативности и главным образом на этом основании принижает их коммуникативную значимость, постоянно подчеркивая, что с их устранением не меняется ни структура, ни основное коммуникативное содержание предложения, с другой – совершенно справедливо утверждает, что так называемые синтаксические обороты, под которыми имеется в виду как раз приведенный нами случай, «осложняют как структуру, так и семантику простого предложения» (Есенов X. М. Синтаксис предложений с зависимыми конструкциями в казахском языке. Автореф. дис... докт. филол. наук. Алма-Ата, 1975, с. 10, ср. там же, с. 7 и др.). Из этого двоякого подхода к зависимым конструкциям в работе в целом, судя по автореферату, преобладает первый. В силу этого роль связанного сказуемого как структурного необходимого элемента всего предложения остается, к сожалению, не раскрытой.	0	0	0	179255138fffb906dd7315dd6ec84b3591608e56790216e689d11fcbc41e11d6
gram/syntax/predlojenie/skazuem2.htm	Н. К. Дмитриев справедливо квалифицирует предложение с однородными глагольными сказуемыми как слитное предложение (Дмитриев Н. К. Строй тюркских языков. М., 1962, с. 401).	0	0	0	73ee0d8ae3f2e096d80812fe8136b432ef8b7431df9b27c2f601ac71677865c4
gram/syntax/predlojenie/svyazodnorobchl.htm	СВЯЗЬ МЕЖДУ ОДНОРОДНЫМИ ЧЛЕНАМИ	85	85	0	6dcaa5c4844e2ed13a4063e0d0e965ea6afaf75dac1c400a2047f5645d33faf1
gram/syntax/predlojenie/tipypredl/beslichpred.htm	БЕЗЛИЧНОЕ ПРЕДЛОЖЕНИЕ	41	38	3	2bbd39080de1f0400a0a9a2ec739ed8355beff71ff3d2d46da096aee2d0f778b
gram/syntax/predlojenie/tipypredl/dvusostpred.htm	ДВУСОСТАВНОЕ ПРЕДЛОЖЕНИЕ	44	44	0	825d793bade1caebfdb59086282af3c79bf3b6a1b07db742ccc074c745bbee2b
gram/syntax/predlojenie/tipypredl/infmodpred.htm	ИНФИНИТИВНО-МОДАЛЬНОЕ ПРЕДЛОЖЕНИЕ	53	53	0	63dc209c7da56afa77c497d21dd85055311ee93f876a37eef4e8320e8f1d46f9
gram/syntax/predlojenie/tipypredl/nazyvpred.htm	НАЗЫВНОЕ ПРЕДЛОЖЕНИЕ	7	7	0	5b54e61282502303b76b63af1866b4ed19dc79f62aa122255d28fcc49cb7c798
gram/syntax/predlojenie/tipypredl/neoplichpred.htm	НЕОПРЕДЕЛЕННО-ЛИЧНОЕ ПРЕДЛОЖЕНИЕ	17	17	0	e8d671577f6c1e29a8b5a2df9434ebc79a2a738c4b9ace5b8c270b3c8be90e85
gram/syntax/predlojenie/tipypredl/oboblichpred.htm	ОБОБЩЕННО-ЛИЧНОЕ ПРЕДЛОЖЕНИЕ!	18	17	1	fc1bf27bc9d94cdca2ab36f9c3f1c656a63aad169707d5b2d9e6528878917faf
gram/syntax/predlojenie/tipypredl/odnosostpred.htm	ОДНОСОСТАВНОЕ ПРЕДЛОЖЕНИЕ	0	0	0	a84fdf4e1ac5e281a3690237d5b3690ffba12822df78095d162ce37abb905552
gram/syntax/predlojenie/tipypredl/parsell.htm	ПАРЦЕЛЛЯЦИЯ	87	87	0	7e5533bc7214f163e3de30e9b98820dcec4511a6798e14e5d46dff8239e7b3fb
gram/syntax/predlojenie/tipypredl/parsell1.htm	См. также: Юлдашев А. А. Деепричастие на -п в башкирском языке. – Тюркологические исследования. М., 1976, с. 267.	0	0	0	32af282d79daa85aa2711ae7656e3ebf384fa447f732b47c359d6bbe46700b49
gram/syntax/predlojenie/tipypredl/pobudpredl.htm	ПОБУДИТЕЛЬНОЕ ПРЕДЛОЖЕНИЕ	60	60	0	7d8a41ce5a920f859eff3c11410d6c44ddcb5f33401b3034fe3c1913794bf2f4
gram/syntax/predlojenie/tipypredl/poryadokslov.htm	ПОРЯДОК СЛОВ В ПРЕДЛОЖЕНИИ	205	201	4	359d8af6b2a6aab8e17ce42ace45d3c53d2750e316ef6557b7a41319302d4596
gram/syntax/predlojenie/tipypredl/povestpred.htm	ПОВЕСТВОВАТЕЛЬНОЕ ПРЕДЛОЖЕНИЕ	66	66	0	e134fd12b4e7732dae34f234333cfd0bc7577b9bfe370dbb024a8451758bd7b9
gram/syntax/predlojenie/tipypredl/slojnpredl/bessouzslojnosochpredl.htm	БЕССОЮЗНОЕ СЛОЖНОСОЧИНЕННОЕ ПРЕДЛОЖЕНИЕ	315	313	2	457ab9310ee95ae0b436716e129b38010c41cb533a5cc7fc898dbcf22de4f1c8
gram/syntax/predlojenie/tipypredl/slojnpredl/bessouzslojnosochpredl1.htm	Об этом, как и об основных типах сложносочиненных предложений, сказуемое первой части которых выражено деепричастием на -п, см.: Юлдашев А. А.Соотношение деепричастных и спрягаемых форм глагола в тюркских языках. М., 1977, с. 240–250.	0	0	0	7445ae819272b9bb92b24f9418802027963c4a7e83bb6859e9996d7a84172fe3
gram/syntax/predlojenie/tipypredl/slojnpredl/period.htm	ПЕРИОДЫ	261	255	6	f6ba9a69f33d74a859779fd1154ebf888a0ab9f9efa9f2daca658c390fa43519
gram/syntax/predlojenie/tipypredl/slojnpredl/period1.htm	Античные теории языка и стиля. М.; Л., 1936, с. 183.	0	0	0	89da4a82d24f2b9f632297615af469bf8945b0c66400485eea5ec701960e86f8
gram/syntax/predlojenie/tipypredl/slojnpredl/period2.htm	Смирновский Л. Теория словесности. М.; П., 1914, с. 39.	0	0	0	a8c2f0812cdef79353046285d13afa43a8af35499309b72a095478adfca090db
gram/syntax/predlojenie/tipypredl/slojnpredl/pryamkosvrech.htm	ПРЯМАЯ И КОСВЕННАЯ РЕЧЬ	55	55	0	d2ff54c3af2a408ca7616d98ecf035530801cc1e93b621547d636e6af5c42394
gram/syntax/predlojenie/tipypredl/slojnpredl/pryamkosvrech1.htm	Грамматика киргизского языка. Оренбург, 1906, с. 215.	0	0	0	6e1d10ab193280165938e75a5e8ba215c134c172b79a43ca5650748fc4e90dba
gram/syntax/predlojenie/tipypredl/slojnpredl/slojnosochpredl.htm	СЛОЖНОСОЧИНЕННОЕ ПРЕДЛОЖЕНИЕ	0	0	0	ca172976e73b0b06241c5df432a03b7ca14a96f7f3b3ca83a36da440a276e5b9
gram/syntax/predlojenie/tipypredl/slojnpredl/slojnosochpredlsouz.htm	СЛОЖНОСОЧИНЕННОЕ ПРЕДЛОЖЕНИЕ С СОЮЗОМ	242	241	1	2b53bf6399f1a77301251d0c27962118e22120189b0db69658b08ea8e7d6f10f
gram/syntax/predlojenie/tipypredl/slojnpredl/slojnpodchpred/pridatdopol.htm	ПРИДАТОЧНОЕ ДОПОЛНИТЕЛЬНОЕ	82	82	0	a7dcc1f6f5347f8d95b0cab2285f1ff9f50c36bdc4dca22e13a903b827e0faca
gram/syntax/predlojenie/tipypredl/slojnpredl/slojnpodchpred/pridatmery.htm	ПРИДАТОЧНОЕ МЕРЫ И СТЕПЕНИ	43	42	1	76d02764b990a8cf7eda98d0953578b28b7f3e13fcaafc4b648910ec56070c53
gram/syntax/predlojenie/tipypredl/slojnpredl/slojnpodchpred/pridatmesta.htm	ПРИДАТОЧНОЕ МЕСТА	61	61	0	b8d479863b630ae69f0a07bec05c59b10c0c8e46d76d35684908d938b12e8546
gram/syntax/predlojenie/tipypredl/slojnpredl/slojnpodchpred/pridatobrdeist.htm	ПРИДАТОЧНЫЕ ОБРАЗА ДЕЙСТВИЯ	98	96	2	79d35ddf9062d536f447d735c4ef10c5899dd6505c3c47af612249ba9dc30d7b
gram/syntax/predlojenie/tipypredl/slojnpredl/slojnpodchpred/pridatopred.htm	ПРИДАТОЧНОЕ ОПРЕДЕЛИТЕЛЬНОЕ	54	54	0	7921a2629d72e6e53b8b52e4361270882a501706f4cff97498bd6c70a3f1505f
gram/syntax/predlojenie/tipypredl/slojnpredl/slojnpodchpred/pridatpodlej.htm	ПРИДАТОЧНОЕ ПОДЛЕЖАЩНОЕ	92	66	26	3eb4194aae03864374b289a20e69c1983e7a4479ff0745e92f72190e7c8816f9
gram/syntax/predlojenie/tipypredl/slojnpredl/slojnpodchpred/pridatpodlej1.htm	Конституирующим элементом сходных предложений служит употребление соотносительных союзных слов кем – шул, кем дә кем – шул, из коих второе одновременно служит и подлежащим главного предложения.	2	2	0	f2c38f65a144fcc20058f39878f8ae7d795d4f4db18ae6596fca9b7db98ae930
gram/syntax/predlojenie/tipypredl/slojnpredl/slojnpodchpred/pridatpodlej2.htm	Эти и сходные предложения квалифицируются так не только Г. Г. Саитбатталовым. Однако на деле они представляют сложноподчиненные предложения с придаточным; пояснительным, близко стоящие к соответствующим типам сложносочиненных предложений.	0	0	0	5c50446c8c41689756df51d7f11b8e17fbc3a830d23a60072b54edb4a4fb67d3
gram/syntax/predlojenie/tipypredl/slojnpredl/slojnpodchpred/pridatprich.htm	ПРИДАТОЧНОЕ ПРИЧИНЫ	96	95	1	72ea19b673b5838929c5db79f246bad1dde9a442a361d499d90b6f40f9d2c8fb
gram/syntax/predlojenie/tipypredl/slojnpredl/slojnpodchpred/pridatseli.htm	ПРИДАТОЧНОЕ ЦЕЛИ	93	92	1	6322c9c514544c400783f8a42028595eb117300f37d286c118df17c58508259a
gram/syntax/predlojenie/tipypredl/slojnpredl/slojnpodchpred/pridatskaz.htm	ПРИДАТОЧНОЕ СКАЗУЕМОСТНОЕ	32	32	0	eb313c6dcb897f5cdaae8e3643d9991073146423adf583575c22776494eab66c
gram/syntax/predlojenie/tipypredl/slojnpredl/slojnpodchpred/pridatsled.htm	ПРИДАТОЧНОЕ СЛЕДСТВИЯ	129	128	1	3f427f2335438d7016e3a29c6185ce6508042db75668d654e650d9c239cc45f8
gram/syntax/predlojenie/tipypredl/slojnpredl/slojnpodchpred/pridatsled1.htm	См.: Сәитбатталов Ғ. Ғ. Башҡорт теленең ҡушма һөйләм синтаксисе.	0	0	0	6b78bdcea9bf64b0a31571df5561dfe8f3375622ae8b71a94a8d3aba7d072899
gram/syntax/predlojenie/tipypredl/slojnpredl/slojnpodchpred/pridatsrav.htm	ПРИДАТОЧНОЕ СРАВНЕНИЯ	101	98	3	989c05bd1fe6b108290042f311571f89c7f6ea39f49f3402435488aadffa6efc
gram/syntax/predlojenie/tipypredl/slojnpredl/slojnpodchpred/pridatuslov.htm	ПРИДАТОЧНОЕ УСЛОВИЯ	71	68	3	ef653b3ad846e17809c2697e1df2faee0b7cc91241c7b2faff58bac7ce719270
gram/syntax/predlojenie/tipypredl/slojnpredl/slojnpodchpred/pridatustup.htm	ПРИДАТОЧНОЕ УСТУПИТЕЛЬНОЕ	116	114	2	001486b6903fa1244f540f0bf821ba62ca57a47dae60fc7773bd9e9e94a4d59c
gram/syntax/predlojenie/tipypredl/slojnpredl/slojnpodchpred/pridatvrem.htm	ПРИДАТОЧНОЕ ВРЕМЕНИ	151	151	0	521c81a4be5740a7d84c1ce90a2cb2ed16a2bc78c4c7e7b0e8435f3fbeb4193b
gram/syntax/predlojenie/tipypredl/slojnpredl/slojnpodchpred/slojnpodchpredl.htm	СЛОЖНОПОДЧИНЕННОЕ ПРЕДЛОЖЕНИЕ	0	0	0	7a03dd4a5bd88656cb3039e5dafe8c95f7f0055fa346dafbba93b6982748a129
gram/syntax/predlojenie/tipypredl/slojnpredl/slojnpodchpred/slojnpodchpredl1.htm	Вместе с тем следует сказать, что иногда конструкции, главныз члены которых представлены отдельно выраженными подлежащим и сказуемым, не являются придаточными предложениями, так как по смыслу они представляют собой синтаксические фразеологизмы. Таковы, например, фразеологизмы: балтаһы һыуға төшкән кеүек 'быть не в духе' (букв. 'словно уронил топор в реку'); һыуһыны ҡанғансы 'сполна утолить жажду'; танһығы ҡанғансы 'отвести душу' (о еде)' и др.	7	7	0	2ab0b4b937b32865391fb44b1b82f51de8776fdbfd079ebf43e1cf6354ed9dbe
gram/syntax/predlojenie/tipypredl/slojnpredl/slojnpredl.htm	СЛОЖНОЕ ПРЕДЛОЖЕНИЕ	0	0	0	36bf8f3e74683bcb3a8f03f652003ae47674569b22d9ad259fea9e077946b299
gram/syntax/predlojenie/tipypredl/slojnpredl/slojnpredl1.htm	См.: Ширалиев М. Ш. Проблема сложноподчиненного предложения. – Вопросы грамматики тюркских языков. Алма-Ата, 1858, с. 81 и др.	0	0	0	8e51834234469f27af60713cd7e12b20731ba6067b599e4d450808351959dab3
gram/syntax/predlojenie/tipypredl/slojnpredl/slojnpredl2.htm	См., к примеру: Әхмәр Ҡ. Башҡорт телендә ябай һөйләм синтаксисе. Өфө, 1958, с. 169 и сл.; Закиев М. 3. Синтаксический строй татарского языка. Казань, 1963, с. 153–158.	0	0	0	0cd02796460555e47600027473b3d55af4e7b368dedbc61b31c3955ee70ccf95
gram/syntax/predlojenie/tipypredl/slojnpredl/uslojslojpred/slprdvuchslpred.htm	СЛОЖНОПОДЧИНЕННОЕ ПРЕДЛОЖЕНИЕ, ОДНА ИЛИ ОБЕ СОСТАВНЫЕ ЧАСТИ КОТОРЫХ ВЫРАЖЕНЫ ОБЫЧНЫМ ДВУЧАСТНЫМ СЛОЖНОПОДЧИНЕННЫМ ПРЕДЛОЖЕНИЕМ	55	55	0	29909072bfab2f9c688b5d7853ddefc84c396be619ce66caffe2a86b00d03497
gram/syntax/predlojenie/tipypredl/slojnpredl/uslojslojpred/slpredodnaglav.htm	СЛОЖНОПОДЧИНЕННОЕ ПРЕДЛОЖЕНИЕ	273	271	2	ce471595f18dde6639f5b681f1488b178dcf788903802e2b0aa2e09eaa9df711
gram/syntax/predlojenie/tipypredl/slojnpredl/uslojslojpred/slpreds2boleesopodchast.htm	СЛОЖНОПОДЧИНЕННОЕ ПРЕДЛОЖЕНИЕ	254	254	0	a90355b687ce1745a9aafc89e49b19bd4132150aadc4005f36bb3228380ec3de
gram/syntax/predlojenie/tipypredl/slojnpredl/uslojslojpred/slpredsdvumyaglchl.htm	СЛОЖНОПОДЧИНЕННОЕ ПРЕДЛОЖЕНИЕ	45	45	0	0b7f7dec4f67c279cc8669600960266ae8fe7a1f5b21f1452b63ec91fd437f17
gram/syntax/predlojenie/tipypredl/slojnpredl/uslojslojpred/slprsneodpridpred.htm	СЛОЖНОПОДЧИНЕННОЕ ПРЕДЛОЖЕНИЕ	131	131	0	e78be68a34c8051d9b221f723993a6d4c56eb4cb968f121edf13d1510e14cfb2
gram/syntax/predlojenie/tipypredl/slojnpredl/uslojslojpred/slprsneodpridpred1.htm	Благодаря контексту иногда между двумя придаточными частями предложения возникает причинно-следственная связь: Ҡарҙар иреп, көндәр йылытҡас, Ташлыкүл буйҙары, нәфис сәскәләргә күмелә (Ф. Әсәнов) 'Когда таят снега и дни становятся теплыми, долины Ташлыкуля утопают в благоухающих цветах'; Игендәр йыйылып алынып баҫыуҙар яланғасланғас, улар өйкөм-өйкөм утрауҙар һымак әллә ҡайҙан күҙгә ташлана (Ф. Иҫәнғолов) 'Когда хлеба убраны и поле оголено, они (стога) издали бросаются в глаза, словно группы островков'.	19	18	1	d886d9b606d128783bf59e830ff3da8b7b3d9adac6be426f621f2cd8931d5b6b
gram/syntax/predlojenie/tipypredl/slojnpredl/uslojslojpred/slprsneodpridpred2.htm	Придаточное с деепричастным сказуемым в форме на -п, предшествующее другому придаточному времени со сказуемым в форме деепричастия на -ғас/-гәс, -ҡас/-кәс, в зависимости от контекста может быть и соподчиненным, хотя оно и соотносится с славным предложением через посредство последующего придаточного предложения: ср. Тик, көй бөтөп, халыҡ алҡышлай башлағас ҡына иҫемә килдем (Ғ. Лоҡманов) 'Я пришел в себя только после того, как перестала звучать мелодия и народ начал аплодировать', где сказуемое первого из соподчиненных придаточных времени представлено в форме деепричастия на -п в целях выражения последовательности совершения действий, хотя оно семантико-синтаксически равнозначно со сказуемым последующего придаточного предложения в форме на -ғас (представляет, по существу, его синтаксический синоним).	12	9	3	f122572b310e2886d7ad84c4dd45c8996d702cef8dd74342cd6cde42a2c6fb14
gram/syntax/predlojenie/tipypredl/slojnpredl/uslojslojpred/smeshslpredl.htm	СМЕШАННЫЕ СЛОЖНЫЕ ПРЕДЛОЖЕНИЯ	27	26	1	eb719cfc0f2d13bc3feca14d849a837926e66636e18a5b11791bb6ac77d99ed3
gram/syntax/predlojenie/tipypredl/slojnpredl/uslojslojpred/uslojslojnosochpred.htm	УСЛОЖНЕННЫЕ СЛОЖНОСОЧИНЕННЫЕ ПРЕДЛОЖЕНИЯ	161	161	0	e6323772ba41c62107aaed4be70847dee38d8df79feee70f0b51cc8d6bf58236
gram/syntax/predlojenie/tipypredl/slojnpredl/uslojslojpred/uslojslojnosochpred1.htm	Сопоставительные отношения между частями сложносочиненного предложения, выраженными в виде отдельных сложноподчиненных предложений, устанавливаются на семантико-синтаксической основе: ср. Быға тиклем да мин иген сәстем, тик бер серҙе белмәй йәшәнем, хәҙер иген күкрәп үҫһен өсөн, Мальцев өйрәткәнсә сәсәмен (Б. Вәлит) 'И до этого я сеял хлеб, но жил не зная одной тайны, теперь буду сеять так, как предлагает Мальцев, чтоб пышно разрастались хлеба'.	15	15	0	5c9b0b5f0a7bd31bf736c6991b9540d13f38c249fd0f118649a54acc80fdcbeb
gram/syntax/predlojenie/tipypredl/slojnpredl/uslojslojpred/uslojslojpred.htm	УСЛОЖНЕННОЕ СЛОЖНОЕ ПРЕДЛОЖЕНИЕ	0	0	0	689b26b85d9bc254bc98f3eb1372f7fc55dc0f566641467c944e9290cfaa4df7
gram/syntax/predlojenie/tipypredl/slojnpredl/uslojslojpred/uslojslojpred1.htm	Сәитбатталов Ғ. Ғ. Башҡорт теленең ҡушма һөйләм синтаксисе. Өфө, 1961, с. 169– 220; Закиев М. 3. Синтаксический строй татарского языка. Казань, 1963, с. 412–425. Структура многочленного сложного предложения. – Современный татарский литературный язык. Синтаксис. М., 1971, с. 149–160 и сл.	0	0	0	d840863e59d4b448984e30135a0bcc50f81d6aa292f662c8993d1c8c0f18235c
gram/syntax/predlojenie/tipypredl/uslojprostpred.htm	УСЛОЖНЕННОЕ ПРОСТОЕ ПРЕДЛОЖЕНИЕ	255	247	8	82d7b0e6460ca89bda8684a97148c245fa7d1ce4cb0f18999b48fe5669f4cf11
gram/syntax/predlojenie/tipypredl/uslojprostpred1.htm	Недаром Н. К. Дмитриев в соответствии с давно установившейся традицией в отечественном языкознании предложения с однородными сказуемыми рассматривал как особую разновидность простого предложения, называя ее слитным предложением (Дмитриев Н. К. Грамматика башкирского языка. М.; Л., 1948, с. 401).	0	0	0	e70a5a73a0771bd00fee12f1996c68d716a67912a197d5583bb6e575c05ed616
gram/syntax/predlojenie/tipypredl/uslojprostpred2.htm	Мелиоранский П. М. Краткая грамматика казак-киргизского языка. СПб., 1897, ч. 2, с. 36.	0	0	0	6d7785687438fa274fa7a11eaee997d09dd3b69a81af3302807f86ee5e1e4ea8
gram/syntax/predlojenie/tipypredl/voprospred.htm	ВОПРОСИТЕЛЬНОЕ ПРЕДЛОЖЕНИЕ	77	77	0	12c53df0cc1d16ca24a827408e54f746ca0b807bdb4c3c652c47af357f307c08
gram/syntax/predlojenie/tipypredl/vosklitspred.htm	ВОСКЛИЦАТЕЛЬНОЕ ПРЕДЛОЖЕНИЕ	45	44	1	f6bc8550f04c771091f7692e17919e04f9d867dcc33e7c9eeeff0c9b339edc21
gram/syntax/predlojenie/tipypredl/vstavpred.htm	ВСТАВНЫЕ ПРЕДЛОЖЕНИЯ	217	215	2	0efc238741b7bb57b2bbab41cbecf71106bdd4b4b49a8c8d78c89325a7078ae6
gram/syntax/predlojenie/tretchlpred.htm	СЛОВА И СЛОВОСОЧЕТАНИЯ В НЕЗАВИСИМОЙ ПОЗИЦИИ	0	0	0	54b09a2db38ec922e9c6dfa408a7372867ea205ef662ecdb55254325b26cd6fe
gram/syntax/predlojenie/vtorchlpred.htm	ВТОРОСТЕПЕННЫЕ ЧЛЕНЫ ПРЕДЛОЖЕНИЯ	11	11	0	08fa043a03deecfe6390bec443eca0e88178f83ba1732552196a09bf339aaf8b
gram/syntax/predlojenie/vvodslovo.htm	ВВОДНОЕ СЛОВО И ВВОДНОЕ СЛОВОСОЧЕТАНИЕ	59	59	0	c244acb13c1dc6139ac256aa72e3c48d6d11cdb96a864400892a812bfd34e359
gram/syntax/slovosochet/glagslovosoch.htm	ГЛАГОЛЬНЫЕ СЛОВОСОЧЕТАНИЯ	0	0	0	dce9d6dc76c86421d6dfce9427233da9a76c56f35fa50db4b3ce491381b4a8bb
gram/syntax/slovosochet/glagslovsprimclenfvy.htm	ГЛАГОЛЬНЫЕ СЛОВОСОЧЕТАНИЯ С ПРИМЫКАЮЩИМИ ЧЛЕНАМИ	157	147	10	1d2380ea388887764f2c73013ba430fcf61395dfdd18fa69425844d110ecca00
gram/syntax/slovosochet/imenslovosoch.htm	ИМЕННЫЕ СЛОВОСОЧЕТАНИЯ	163	158	5	fb0e839386f5f5cc13fc82ad98ab4ff3e0d31d17517aedd15873348f2ab68cbf
gram/syntax/slovosochet/imenslovosoch1.htm	В моделях приняты следующие сокращения: существительное – С, имя нарицательное – н, имя собственное – сб, прилагательное – П, местоимение – М, числительное – Ч, глагол – Г, причастие – Пр, деепричастие – Дпр, основной падеж – 1, родительный – 2, дательный – 3, винительный – 4, исходный – 5, местный – 6, аффикс принадлежности 3-го лица – л, послелог – посл.	0	0	0	8ad3c10859f6b5e4d6c3970c62a3182e2687f7ef75c9c827e401f1031a992202
gram/syntax/slovosochet/kombinglagslovosoch.htm	КОМБИНИРОВАННЫЕ ГЛАГОЛЬНЫЕ СЛОВОСОЧЕТАНИЯ	114	114	0	75ffca98e11ea01205905c8d64ba686938d45b1b34f9e0989b1b988ede83c9dd
gram/syntax/slovosochet/narechslovosoch.htm	НАРЕЧНЫЕ СЛОВОСОЧЕТАНИЯ	65	64	1	742ccc2448989a0e544d2dfce5817f95b590702e6040b538ceb97b504acd5325
gram/syntax/slovosochet/obchchar.htm	СЛОВОСОЧЕТАНИЕ	67	67	0	b33a60f746b59b1c7a2f74a36a471ff1d489840d563fbd78312cac1038c50171
gram/syntax/slovosochet/obchchar1.htm	Проспект «Грамматики современного башкирского литературного языка». Сост. А. А. Юлдашев. Уфа, 1974, с. 74.	0	0	0	d14156fe3b20f4490ccfa80e7e7f94c0ec037b3a526fecf9c42058e95143d527
gram/syntax/slovosochet/obchchar2.htm	Проспект «Грамматики современного башкирского литературного языка». Сост. А. А. Юлдашев. Уфа, 1974, с. 74.	0	0	0	475719a3cf77bf82dfb34a1e0409b84be25ca99fec1a947e188acdf7703f01d3
gram/syntax/slovosochet/obchchar3.htm	Многие тюркологи, как и исследователи синтаксиса русского языка, в состав словосочетаний включают сочетания только двух знаменательных слов. См., например: Закиев М. 3. Синтаксический строй татарского языка. Казань, 1951, с. 108–110; Современный татарский литературный язык (Синтаксис). М., 1972, с. 82–84; Узбек тили грамматикаси, т. 2. Ташкент, 1976, с. 29; Прокопович Н. Н. Вопросы синтаксиса русского языка. М., 1974, с. 70–71 и др.; А. Н. Баскаков, наоборот, включает в круг словосочетаний и конструкции с знаменательным словом и послелогом – см.: Баскаков А. Н. Указ. соч., с. 28–29. – Несколько иную точку зрения высказала Е. И. Убрятова. – см.: Убрятова Е. И. Указ. соч., с. 76–79.	0	0	0	d6b41e07bc71c3d1357c2ba92e3a5dfc513b63fdeedf9896cbb44bd13332e3bb
gram/syntax/slovosochet/obchchar4.htm	Проспект «Грамматики современного башкирского литературного языка». Сост. А. А. Юлдашев. Уфа, 1974, с. 75.	0	0	0	ba45d367f99bbba61c3c83b77ee10d9b64a3c5859063bf4d1690fcfcdd03ed2a
gram/syntax/slovosochet/obchchar5.htm	Проспект «Грамматики современного башкирского литературного языка». Сост. А. А. Юлдашев. Уфа, 1974, с. 75, 76.	0	0	0	bffdc11498c162c19cc6b36a2f9bedfc314e20160486f1e62bb2d202fa50dd99
gram/syntax/slovosochet/prostglagslovosoch.htm	ПРОСТЫЕ ГЛАГОЛЬНЫЕ СЛОВОСОЧЕТАНИЯ	87	87	0	d5c65c340af932943826e05efe842a4cfd45fd8601ae8e42d184a4e8966ae0d6
gram/syntax/slovosochet/slojglagslovosoch.htm	СЛОЖНЫЕ ГЛАГОЛЬНЫЕ СЛОВОСОЧЕТАНИЯ	263	261	2	230a6d606352850ca127cb49cb7615d20212b95c5d07f5e679d20db74bd9124f
gram/syntax/slovosochet/slojimenslovosoch.htm	СЛОЖНЫЕ ИМЕННЫЕ СЛОВОСОЧЕТАНИЯ	215	212	3	4b86650d8f471ead0bd0792a131d87a591e12dbad56d1d3866c3f4bdac7867a5
gram/syntax/slovosochet/slovosochschislit.htm	СЛОВОСОЧЕТАНИЯ С ЧИСЛИТЕЛЬНЫМИ	18	18	0	46e1dd309f15aa1c74f21760c10d50ec2e99eee643c526913b28237b9961df5a
gram/syntax/slovosochet/slovosochsuprprilag.htm	СЛОВОСОЧЕТАНИЯ С УПРАВЛЯЮЩИМИ ПРИЛАГАТЕЛЬНЫМИ	97	95	2	246c81cda988798590c1a3a00718f0ad82a0b2842aab38520884c0ed38a6a8ca
gram/syntax/slovosochet/slovsglagolopred.htm	СЛОВОСОЧЕТАНИЯ С ГЛАГОЛЬНЫМИ ОПРЕДЕЛЕНИЯМИ	70	69	1	d0e0c06b335ed72a3aefc8de56501012843b7612e7d3bebc452a4e4e2667393f
gram/syntax/svyazislov/glagupravlenie.htm	ГЛАГОЛЬНОЕ УПРАВЛЕНИЕ	223	222	1	73970992b9a9cca36ed59eb9a83f0692ea1f4e8ecd1ffe4c4b577892bdfc47c2
gram/syntax/svyazislov/podchinsvyaz.htm	ПОДЧИНИТЕЛЬНАЯ СВЯЗЬ	9	8	1	8475ec49e5c1cfe8400f848d004f8656b33b2effee8b1bb7b065594be9db0eaf
gram/syntax/svyazislov/primyk.htm	ПРИМЫКАНИЕ	2	2	0	8e8cd09467284b1bc2e810c98d0962792fc3bb8c0363e75838510cbe833ff40f
gram/syntax/svyazislov/primykglagol.htm	ГЛАГОЛЬНОЕ ПРИМЫКАНИЕ	51	48	3	d1489117807db6f5ac1bb5da413651d0b8d77adec8e1793d26d8adccc640f34d
gram/syntax/svyazislov/primykglagol1.htm	В разговорной речи в роли примыкающего слова выступают также инфинитивные глаголы на -маҡ/-мәк, -маға/-мәгә: күрмәгә матур 'красивый на вид', ҡарамаҡҡа һәйбәт 'хороший на вид' и т. п.	8	5	3	a0e0c63c6c5ad131a7faa889aa4b37cf3da49531680df66da401888d6f352445
gram/syntax/svyazislov/primykglagol2.htm	Примыкающие деепричастия с подчиняющими словами по форме сходны со сложными глаголами, где живые синтаксические связи уже потеряны. Они рассматриваются в разделе «Словообразование», например, алып барыу 'отнести', килә ятыу 'идти', төшөнөп алыу 'понять' и т. п.	6	6	0	22766458fba7ac72bcc08f06f770d5f60f11e41e72c11679a6e691967310f651
gram/syntax/svyazislov/primykimenn.htm	ИМЕННОЕ ПРИМЫКАНИЕ	116	114	2	b6e933c9ec3b124ca4598f369f2291e7a5942b21217055ceab0fc986b0ee4cb0
gram/syntax/svyazislov/primyknarech.htm	НАРЕЧНОЕ ПРИМЫКАНИЕ	67	67	0	83e55abbaf3c6ab25e265b270e1ee9b55d8c6dd8df08a2742577c8dc631ff561
gram/syntax/svyazislov/sochinsvyaz.htm	СОЧИНИТЕЛЬНАЯ СВЯЗЬ	113	112	1	dcf640c7424c93b1b151b0221941c74dbd43962758e2e52be71442a8403bb025
gram/syntax/svyazislov/soglasovanie.htm	СОГЛАСОВАНИЕ	24	24	0	d913e191a28fcb4a660b6e8572be8a0f501a5cfa5fab11024cdb2027434e8f93
gram/syntax/svyazislov/upravchislit.htm	УПРАВЛЕНИЕ ЧИСЛИТЕЛЬНЫХ	36	36	0	3df58e2ef7397a75f07e0f47eeba455b96b895f4dbdf3fff3d457429005da4e1
gram/syntax/svyazislov/upravlenie.htm	УПРАВЛЕНИЕ	0	0	0	f2d275406eb2c9adc323828b9d9d805ec0e60840dd3ccfa3d691b84cc018ec09
gram/syntax/svyazislov/upravmodsl.htm	УПРАВЛЕНИЕ МОДАЛЬНЫХ СЛОВ	18	18	0	381f9c563f24b6b502517246c79bb55c8b522e6e0c2c0be3d974656e659d7f3d
gram/syntax/svyazislov/upravnarech.htm	УПРАВЛЕНИЕ НАРЕЧИЙ	43	43	0	eee8126d6d0ee6873b1bca24d17a461eeed43c82ba0dded1db1446aedf0e0859
gram/syntax/svyazislov/upravprilag.htm	УПРАВЛЕНИЕ ПРИЛАГАТЕЛЬНЫХ	63	63	0	c1c508e4f4c6e7816bd7ee5c45b43312350b274eee4580890c0143de98e9c209
gram/syntax/svyazislov/upravsuchest.htm	УПРАВЛЕНИЕ СУЩЕСТВИТЕЛЬНЫХ	210	210	0	f69a31ceec3b1dd98ac84b37a77a8e31d976c08a74fbd8b7449597898856ef20
gram/syntax/svyazislov/upravsuchest1.htm	А. Н. Баскаков усматривает в подобной связи согласование (Баскаков А. Н. Словосочетание в современном турецком языке. М., 1974). Е. Н. Убрятова, отмечая двусторонний характер отношения между определением и определяемым, считает основным отношение определяемого к определению и выделяет данный вид как особый способ связи слов. (Убрятова Е. И. Исследования по синтаксису якутского языка. М.; Л. 1950).	0	0	0	23fe37485d74def3675a10ec19f45ea20c833260546ff430bb3b950b3d1730d8
gram/syntax/svyazislov/upravsuchest2.htm	В современном башкирском языке функционируют два словосочетания, где и определяющее и определяемое слово имеют аффиксы принадлежности; правда, в определяющем слове этот аффикс может и не быть: көн(ө) буйы 'весь день', төн(ө) буйы 'всю ночь'.	3	3	0	04d19bd8264d53148f2adea2545ef1d0aa2dd7b594fe7e2593f164ef2a9b36f8
gram/syntax/syntax.htm	СИНТАКСИС	0	0	0	0e5f64ef3d3c2d515451f1287933d5452df69821ae8f8986180ed9026461c486
gram/syntax/vvodzam.htm	ВВОДНЫЕ ЗАМЕЧАНИЯ	129	124	5	ac7061614e31a2bb1037a8bf3d49ee92056c5252082c3b23b99179e5551148cf
gram/syntax/vvodzam1.htm	Проспект «Грамматики современного башкирского литературного языка». Сост. А. А. Юлдашев. Уфа, 1974.	0	0	0	2289b5671e73b451338bced8e2060cd99f60461b3ecc070746fd21ab1363b317
gram/syntax/vvodzam2.htm	Проспект «Грамматики современного башкирского литературного языка». Сост. А. А. Юлдашев. Уфа, 1974, с. 84.	0	0	0	f846080a0a72cd012dd9d2fe6b41dabad0a810a145412f163d4d91ef36e1b8f2
gram/syntax/vvodzam3.htm	Дмитриев Н. К. Грамматика башкирского языка. М.; Л., 1948, с. 244–259.	0	0	0	335c9eb0a140cf232fd95deab1611c7519ba79fab837945624531f0ac0687e32
gram/syntax/vvodzam4.htm	Виноградов В. В. Основные вопросы синтаксиса предложения. – Вопросы грамматического строя. М., 1955, с. 424 и др.	0	0	0	76f35f13d3eea868d32fb159a12540ba1fa27d052e1a83fef8721d25cd466320
gram/syntax/vvodzam5.htm	Грамматика современного русского литературного языка. М., 1970, с. 652–655.	0	0	0	4f5ca6f4995c74d31f4297279cebc332a5fbe80a9c5fd9ef79aea0d1429d6cb9
gram/syntax/vvodzam6.htm	Юлдашев А. А. Соотношение деепричастных и личных форм глагола в тюркских языках, М., 1977, с. 207–239.	0	0	0	716ee478465dea849dd992ff062061bd0348938c881767e3f83282b7cde6210d
gram/zvuk/farin.htm	ФАРИНГАЛЬНЫЕ	33	33	0	2df90ddb94382f54e29e85686abbb21ee314c26d791b0b67e2c194f0059136e0
gram/zvuk/farin1.htm	В некоторых южных говорах представлен увулярно-ларингальный велярный һ с элементом увулярного х в словах типа tаһхтамал 'полотенце'.	1	0	1	2cff37a339107bbe156a9c0b990be6ae453a7cbfb5302ba5c5b315b0fa349928
gram/zvuk/glpr.htm	ГЛАСНЫЕ ПЕРЕДНЕГО РЯДА	220	172	48	47336dc09b95db59d3cecd999eb0d312c15ceb99ef069eefd76086dde8d78257
gram/zvuk/glpr1.htm	Согласные немыслимы без участия голоса в этих двух фазах своей артикуляции, акустически сводящихся неизбежно к непроизвольному е (в словах с палатальным фонемным строением) или ы (в словах с велярным составом фонем).	0	0	0	238ef3484e0ff41fa416f0e47a50e009173a907f9b8e3c275a33a8b270e95318
gram/zvuk/glpr2.htm	Истоком вторичного е послужили также другие фонетические тенденции и закономерности, например эпентеза при консонантизации конечного ү в именах действия на *-иг > ү (*келиг > килү > килеү 'приходить', *кетгү > китү > китеү 'уходить'); палатализация фонемного состава ряда слов с *ы (*быш- > беш- 'свариться', *бың >мең 'тысяча', *йып >йеп 'нитка', *ыҙ > эҙ 'след') и т. п.	11	4	7	8b277a331fdb0e1e91aea9bfa3537a7045dbdd6e072b681b099359d7929b6473
gram/zvuk/glpr3.htm	Из-за отсутствия убедительных доказательств пока что остается спорным вопрос о первичности или вторичности губных гласных переднего ряда во многих словах типа һөйәк (алт., кирг., тув., хак. сө:йәк) 'кость', үңрәй- (каз. үңерей-, кирг. үңүрей-) 'зиять', бөйөр (туркм. бөвүр) 'почка', һөйәл (кирг. со:л, тат. сөйәл) 'бородавка', һөйә- (тат. сөйә, туркм. сөйе-) 'подпирать, прислонять', өрк- (сюг., аз. диал., тур. диал. өрк-, каз. ерек-) 'испугаться, встрепенуться').	13	7	6	86454fa078313dba484209b532b1b564838840b9cd23cf6f42cc7267716d4101
gram/zvuk/glzr.htm	ГЛАСНЫЕ ЗАДНЕГО РЯДА	119	100	19	47ce30fbac867f3b5d4627cf18147f46c22bcc764a90befa2cc4b9c7f574cc83
gram/zvuk/glzr1.htm	Открытая, но значительно суженная фонема /а/ с гортанной окраской, характерной для казахского, киргизского и некоторых других кыпчакских языков, широко представлена во многих говорах восточного и в отдельных говорах южного диалектов, как это давно отмечено башкирскими диалектологами.	0	0	0	a1508b8bb1c4e4a734272083ff9772d22a67160f90aa822432f32c3847fc7896
gram/zvuk/glzr2.htm	Как известно, любая гласная фонема по мере ее опереднения и сужения приобретает чистое звучание, а при расширении и отодвижении назад – невнятное, нечистое звучание.	0	0	0	a0e95757ae2b5ffbfb3d50eb2b302ce1485eb16747f1efbc97c0b3d4460f8f79
gram/zvuk/glzr3.htm	Представляется весьма спорным вопрос о первичности о в составе многих слов типа һора- 'спросить' (ср. туркм. со:ра-, ДТС сор-); олтан 'подметки, подошва, сырцовая кожа' (ср. каз. олтан, туркм., тур. диал., кбал. олтаң, алт. ылтаң, кум. диал. ортаң); ҡоңғор 'коричневый, соловый' (ср. туркм. ғоңур, як. хоңор); онот- 'забывать' (ср. каз. оныт-, уйг. диал. онут-).	12	5	7	150f0b667b6a5211b147b2f2d65f2812d462bf5dd1e87be8ca20fc97184f4c00
gram/zvuk/gubn.htm	ГУБНЫЕ	153	135	18	52a03ab6abc8592ebddda1ebc05b5e457ff01ee7a8e418126fbeae060612d391
gram/zvuk/gubn1.htm	Переход б в м вызван их максимальной близостью в тюркских языках, где по сути /м/ представляет назализованный вариант /б/, а /б/, напротив, – частный вариант фонемы /м/, что подтверждается множеством лексикализованных случаев их взаимозамены, начиная с древнейших времен (ср. бин/мин 'я' и т. п.).	2	2	0	e796ec7a2dfea97a47d38badc628d58b03cd16e9a4eac6a902fc3ccf8e548e7e
gram/zvuk/gubn2.htm	В соответствии с этой закономерностью конечный п озвончается также и в потоке речи, оказавшись в интервокальном положении перед гласным последующего слова, интонационно объединенного с предыдущим словом: сүб (сүп) үләне 'сорная трава', күб (күп) ине 'было много'. Это явление на стыке сложных слов носит регулярный характер. Соответственно здесь на общих основаниях выделяется озвонченный аллофон фонемы /п/: ашаб (ашап) ал- 'закусить', һатыб (һатып) ал- 'купить'.	10	6	4	fe173a18db17973a92bd1fceecb163654211bf83897d1f6d3068c54ebb94f190
gram/zvuk/izmen.htm	ИЗМЕНЕНИЯ СОГЛАСНЫХ В ПОТОКЕ РЕЧИ АССИМИЛЯЦИЯ	202	130	72	7b765ae69ef935467a6cb83f3098b60e0054a03eb94bf7885de2b302ffd97c60
gram/zvuk/per.htm	ПЕРЕДНЕЯЗЫЧНЫЕ	225	207	18	57366b44d76871b418f06f919cb1f5361e5901b253728c8c9bdadb653d104c9c
gram/zvuk/per1.htm	В нескольких словах баш. с соответствует согласным с, ш и т других тюркских языков: ср. баш. сәс 'волосы', сәс- 'сыпать, сеять' – др.-тюрк, сач, сач-; баш. сис- 'развязать', сөсө 'пресный', сөскөр- 'чихать' – тат. чиш-, төче, төчкер-.	8	4	4	4c91178c806959ac803d4ec5362392725f0e7a8326bffae046c383c3fa8e7cd0
gram/zvuk/slog.htm	СЛОГ И СЛОГОВАЯ СТРУКТУРА СЛОВА	168	121	47	2d114667617bb8f3166cfd5af00b2ffa53e8f39b014b4a4d5ed7b28b67e36552
gram/zvuk/sog.htm	ОБЩАЯ ХАРАКТЕРИСТИКА СОГЛАСНЫХ	151	123	28	06fbb42d5431a5766357400d5228ea1a1845308c3adbe83c812a17e041ad84e1
gram/zvuk/sog1.htm	Это единственная согласная фонема, не имеющая своего буквенного обозначения. В начале слова она передается графемой в, применяемой также и для обозначения русск. в, а в середине и конце слова ее палатальный вариант обозначается буквой ү, велярный – у (ср. ваҡыт 'время', ауыл 'деревня', әүәл 'раньше', уҡыу 'учеба', килеү 'приходить, прибытие'), принятыми для обозначения узких губных гласных.	4	4	0	3073aa00283f0fd75175a83bc0e71cffcc518eed5f667d387bc5f87a1f6bb696
gram/zvuk/sog2.htm	Русск. фонема /щ/, представленная в башкирском языке немногими заимствованиями, обычно замещается баш. ч или удвоенным его вариантом, а русск. /ц/ на почве башкирского языка в анлауте и ауслауте переходит в с, в инлауте же – в бифонемное сочетание тс: щетка > ччотка/чоткы/ччоткы; Щорс > Чорс; цех > сех, цемент > семент, больница > бальнитса/бальнис, гостиница > гастинитса/гастинитсы. Согласные щ и ц по правилам башкирской орфографии и орфоэпии пишутся и произносятся в соответствии с нормами русского языка, однако в устной речи они имеют так много вариантов, что вопрос об их включении в состав регулярных башкирских фонем представляется крайне спорным. Это положение правомерно и относительно гортанного отступа (ь), наблюдаемого только в арабизмах тәьҫир 'влияние', тәьмин ит- 'обеспечивать', -ҡөрьән 'коран', Мәьмүнә – уст. жен. имя, Мөьминә – уст. жен. имя и в отдельных звукоподражаниях типа мәьелдә- 'блеять'. Лишь в перечисленных словах гортанный отступ имеет всенародное освоение. В других арабизмах он не сохранился. К тому же в них по существу мы имеем дело с осложнением конечного гласного /ә, ө/ или сонанта р первого слога слова лишь гортанным отступом-смычкой, не сопровождаемой каким-либо самостоятельным звуком, без нарушения слогоделения, характерного для башкирского языка. Почти таким же гортанным отступом наделен в конце первого слова в арабизмах ҡ: ср. тәҡдим 'предложение', тәҡдир 'судьба, рок'.	20	10	10	727c9ed6c03eee50cd2eb17aa8b4bdf9c88f2bf1b626d38682632167ca23aee4
gram/zvuk/sog3.htm	С точки зрения смыслоразличительной, очевидно, как одна полифонема должны быть квалифицированы образования с многими консонантными аллофонами не только типа /л/ с аллофонами /д/, /т/, /ҙ/ (бала-лар 'дети', мал-дар 'скот', ат-тар 'кони', малай-ҙар 'мальчики'), но и типа /а ~ ә/ с аллофоном /й/ (ала 'берет', килә 'идет', бирмәй 'не дает').	7	7	0	f0181531b0957c301739048af5eacabc30fcb1883d832530d69019e0d9b6f6ab
gram/zvuk/sredneyaz.htm	СРЕДНЕЯЗЫЧНЫЕ	66	51	15	7e7dbe0101e47c5ccc2ae63a12692cbb3f6c51468f781e250501424e9432afbf
gram/zvuk/udar.htm	УДАРЕНИЕ	257	210	47	81b3804592eb1334521d79c065f7b91fc493496d1866a74e73d922b354cc6024
gram/zvuk/udar1.htm	Дмитриев Н. К. Грамматика башкирского языка. М.; Л., 1948, с. 40; Киекбаев Ж. Р. Башҡорт әҙәби теленең дөрөҫ әйтелеше. Өфө, 1964, с. 62.	0	0	0	35fbbe37df9ca41f75f43dcf0d3efbf15eeb3b926ccbb36fa00aa4d593c7c5a4
gram/zvuk/udar2.htm	Шараф Г. Сонорная длительность татарских гласных. – Вестник научного общества татароведения. Казань, 1928, № 8, с. 201–227.	0	0	0	ec333b9693eda984b177ab0496a32bbd70ffeed963875076d98dc1382015cdd8
gram/zvuk/udar3.htm	Дмитриев Н. К. Грамматика башкирского языка. М.; Л., 1948, с. 41.	0	0	0	c561b5bc0ea05292ed6338313e0f58bcf6bc1bced28efb50f4b18b593d8ba63e
gram/zvuk/zadneyaz.htm	ЗАДНЕЯЗЫЧНЫЕ	106	90	16	408e4298089e2099f7f95a1464f34a80637d3fac9d7a528a3580cdee4c30a627
gram/zvuk/zv1.html	ОБЩАЯ ХАРАКТЕРИСТИКА ГЛАСНЫХ	84	52	32	9196edc0f667d9923d2980d3875c1509a91e25b4fd0439bbcde02f46612124bc
gram/zvuk/zv11.html	В литературном башкирском языке, кроме того, постепенно осваиваются артикуляционно удобные для башкир русск. /о/ и /э/ в составе заимствований типа кино, орден, эпос, экзамен. Но они, как и остальные русские гласные в заимствованиях, вопреки правилам орфоэпии за редким исключением обычно претерпевают полную фонетическую адаптацию – переходят в соответствующие башкирские исконные гласные: ср.: калхуз, директыр, электер/илектер 'электричество', тирактыр, пуйыз, музыйкы.	11	6	5	cbb06e476b3723db795376e2ce1ab95155772a0025b23225b913f30d917c2537
gram/zvuk/zv2.htm	Шараф Г. Сонорная длительность татарских гласных. – Вестник научного общества татароведения. Казань, 1928, № 8, с. 201, 210, 227.	0	0	0	cf1000a4a57c9616e6e11115d3793fb2b3073dd31b7083e009d758fe28e11e17
gram/zvuk/zv3.htm	Богородицкий В. А. О корневом вокализме и его изменениях в казанско-татарском диалекте. – Там же, с. 113.	0	0	0	a9064ac14d37c711a0e22994890d6ded17f4e406b024d6cb961c4c9421d087c0
gram/zvuk/zv4.htm	Правда, в прикрытых открытых слогах типа ба-ла 'ребенок', ти-шек 'дыра', са-ма 'мера, размер', се-йә 'вишня', сы-бар 'пестрый', ҡо-рал 'оружие', кө-шөл 'ворох, куча' не исключено влияние начального согласного на проявление различительных признаков гласного. Но их можно не брать в расчет, тем более что взаимовлияние смежных согласного и гласного достаточно еще не изучено. Ясно лишь, что на гласный в рамках слога большее влияние оказывает последующий согласный, чем предыдущий.	7	1	6	ab115ca0641a20fb9a60414b1a63938856173f81ef3b56019149a119c4be45b9
gram/zvuk/zv5.htm	Это явление прослеживается также и в некоторых иноязычных заимствованиях (ср. баш. йәрәбә 'жребий', тәкәр 'сахар' и соответственно тат. жирәбә, тикәр; баш., тат. тәрәзә 'окно', баш. сәбәп 'причина', ҡәнәғәт 'удовлетворение'), особенно в диалектах (ср. баш. диал. тәстә 'десяток').	8	3	5	17e4d105e9c3ff7e698e54f5065b9659f5e7d341f9f4d873a2b906dcade2b0a8
gram/zvuk/zvuk.html	ЗВУКОВОЙ СТРОЙ БАШКИРСКОГО ЛИТЕРАТУРНОГО ЯЗЫКА	0	0	0	9b99eea277d9c4b2524396e98093dc198e73cc5aa1c5f26321a9a116f92e250d
